Institution;Studiengang;Kontinent;Land;Stadt;Start;Min.Studiumsdauer [%m];Max.Studiumsdauer [%m];Abschlusstyp;Modus;Sprache;Unterrichtstyp;Beschreibung;Gesamt-Rang;Aktueller-Rang;Impact-Rang;Open-Rang;Excellence-Rang
Johns Hopkins University;Master of Science in Government Analytics;Nordamerika;USA;Washington;;;;Master;Part-time;English;Online;The Master of Science in Government Analytics prepares students to become leaders in the data revolution. Students will develop expertise in analytical methods that are increa                                            ...                                                    +                        ;15;118;34;41;6
Carnegie Mellon University in Australia;Master of Science in Information Technology (Business Intelligence and Data Analytics) 21-Month Track;Australia;Australia;Adelaide;;;;Master;Full-time;English;Campus;The MSIT-BIDA program combines a comprehensive information technology and management curriculum with BIDA courses, a compulsory 400 hours of internship and an industry-based D                                            ...                                                    +                        ;38;71;21;36;124
Tufts University ;MSc in Data Analytics;Nordamerika;USA;Medford;Aug;;60;Master;Full-time;English;Campus;An interdisciplinary program that provides graduate students with a competitive edge in developing analytical skills to interpret data across disciplines, translating it into                                             ...                                                    +                        ;87;149;53;157;243
Tufts University ;MSc in Data Science;Nordamerika;USA;Medford;Aug;;;Master;Full-time;English;Campus;The M.S. in Data Science is offered jointly by the departments of Computer Science and Electrical and Computer Engineering.                                    ;87;149;53;157;243
Ghent University;Master of Science in Statistical Data Analysis;Europa;Belgium;Ghent;Sep;;;Master;;English;Campus;Increasing computer power and the professional need to extract objective information from observed data have led to complex databases. Statistical science has become a broad d                                            ...                                                    +                        ;95;17;230;85;68
Ghent University;Master of Science in Business Engineering - Data Analytics;Europa;Belgium;Ghent;Sep;24;;Master;Full-time;English;Campus;A business engineer has a thorough knowledge of the discipline of business administration and technology, i.e. technological products and processes. In this respect, a busines                                            ...                                                    +                        ;95;17;230;85;68
Colorado State University;MS - Data Analytics;Nordamerika;USA;Aurora;;24;;Master;Full-time;English;Online;Modern businesses are rapidly evolving in an effort to keep up with consumer demands. To stay on top of trends and ahead of competitors, many are hiring teams of data analytic                                            ...                                                    +                        ;110;128;68;143;289
VU University of Amsterdam;Master in Econometrics and Operations Research: Econometrics and Data Science;Europa;Netherlands;Amsterdam;Sep;;;Master;Full-time;English;Campus;In our specialization Econometrics and Data Science of the Econometrics and Operations Research master's program, we welcome you in the fast-developing world of econometrics a                                            ...                                                    +                        ;129;522;286;132;63
VU University of Amsterdam;Master in Econometrics and Operations Research: Marketing Data Science;Europa;Netherlands;Amsterdam;Sep;;;Master;Full-time;English;Campus;Marketing Data Science is a specialization of the Econometrics and Operations Research master's program. This hands-on study into econometric methods for analyzing marketing d                                            ...                                                    +                        ;129;522;286;132;63
VU University of Amsterdam;Master in Finance: Duisenberg Honours Programme in Finance and Technology;Europa;Netherlands;Amsterdam;Sep;;;Master;Full-time;English;Campus;Data science: a shock to the financial system, or its biggest opportunity? The availability of big data, in combination with rapidly increasing computing power, is uncovering                                             ...                                                    +                        ;129;522;286;132;63
VU University of Amsterdam;Bachelor in Econometrics and Operations Research: Econometrics and Data Science;Europa;Netherlands;Amsterdam;Sep;36;;Bachelor;Full-time;English;Campus;During the bachelor's programme in Econometrics and Data Science at VU Amsterdam, you will learn how to solve problems in business, economics and finance, using data science t                                            ...                                                    +                        ;129;522;286;132;63
Rheinisch Westfalische Technische Hochschule Aachen;M.Sc. Data Analytics and Decision Science;Europa;Germany;Aachen;Oct;;;Master;Full-time;English;Campus;This exciting new master course is designed at the intersection of the fields of Data Analytics and Decision Science (Operations Research) and graduates will learn how to comb                                            ...                                                    +                        ;159;181;190;217;176
University of Padova;Master of Science in Physics of Data;Europa;Italy;Padua;Oct;24;;Master;Full-time;English;Campus;The Master’s degree provides new theoretical and computational tools to tackle the explosion of datasets within the physicist mindset. It combines advanced knowledge in the fi                                            ...                                                    +                        ;162;141;402;99;85
University of Padova;Master of Science in Data Science;Europa;Italy;Padua;Oct;24;;Master;Full-time;English;Campus;The Master’s degree intends to build data scientists whose solid technical background is complemented by a multidisciplinary preparation on various fields in which big data em                                            ...                                                    +                        ;162;141;402;99;85
University of Milan;Master of Science in Data Science and Economics;Europa;Italy;Milan;;24;;Master;Full-time;English;Campus;The Master of Science in “Data Science and Economics” (DSE) responds to the training needs of data scientists in the economic field. The course provides skills to analyze and                                             ...                                                    +                        ;168;374;371;110;98
George Mason University;Master of Science in Data Analytics Engineering;Nordamerika;USA;Fairfax;Sep;;;Master;Part-time;English;Online;Gain the deep statistical knowledge and technical savviness you need to advance to data scientist, engineer and analyst roles. You'll learn to deliver a process that transform                                            ...                                                    +                        ;171;489;61;202;480
London School of Economics and Political Science;Online BSc Data Science and Business Analytics;Europa;United Kingdom;Holborn;Aug;36;;Bachelor;Full-time;English;Online;Start or continue your bachelor’s online with the University of London. Academic direction from LSE ranked #2 in the world for social sciences and management. Complete in as f                                            ...                                                    +                        ;182;483;89;147;440
City University of Hong Kong;Bachelor of Engineering in Data and Systems Engineering;Asien;Hong Kong;Kowloon Tong;Sep;48;;Bachelor;Full-time;English;Campus;This major aims at equipping students with strong analytical and decision-making skills in analyzing, managing, and improving nowadays enterprise-class systems via offering so                                            ...                                                    +                        ;186;648;298;159;166
City University of Hong Kong;Bachelor of Engineering in Computer and Data Engineering;Asien;Hong Kong;Kowloon Tong;Sep;48;;Bachelor;Full-time;English;Campus;We aim to provide students with a strong foundation and broad skills in the computer and data technologies. Students will be equipped with the theoretical and practical aspect                                            ...                                                    +                        ;186;648;298;159;166
City University of Hong Kong;Bachelor of Science in Data Science;Asien;Hong Kong;Kowloon Tong;Sep;48;;Bachelor;Full-time;English;Campus;This major is to provide graduates in data science with essential training of quantitative knowledge, statistical theory, data mining technology and computing tools for the ef                                            ...                                                    +                        ;186;648;298;159;166
Queensland University of Technology;Master of Data Analytics;Australia;Australia;Brisbane;;24;;Master;Full-time;English;Campus;Develop data analytics skills that will future focus your career with a Master of Data Analytics degree that turns data into insight and intelligence.                                    ;208;579;231;195;254
Aalto University  Aaltoyliopisto;Master of Science in Computer, Communication and Information Sciences - Machine Learning, Data Science and Artificial Intelligence;Europa;Finland;Espoo;;24;;Master;Full-time;Multiple;Campus;Machine learning is one of the strong points of Aalto University. This solid education in modern computational data analysis gives you excellent opportunities for a career in                                             ...                                                    +                        ;230;163;273;305;258
Aalto University  Aaltoyliopisto;Bachelor of Science in Science and Technology (SCI) - Data Science;Europa;Finland;Espoo;Aug;;60;Bachelor;Full-time;English;Campus;Data science gives you the foundations to become a top-level expert in the modern knowledge society. You will obtain the required skills to solve real-world problems using met                                            ...                                                    +                        ;230;163;273;305;258
University of Saint Andrews;MSc in Applied Statistics and Datamining;Europa;United Kingdom;Saint Andrews;Sep;;;Master;Full-time;English;Campus;The PGDip/MSc in Applied Statistics and Datamining is a commercially relevant programme of study providing students with the statistical data analysis skills needed for busine                                            ...                                                    +                        ;243;482;172;239;382
University of Saint Andrews;MSc in Data-Intensive Analysis;Europa;United Kingdom;Saint Andrews;Sep;;;Master;Full-time;English;Campus;The MSc in Data-Intensive Analysis is an interdisciplinary course providing students with an understanding of how data is used to gain useful insights in all areas of scientif                                            ...                                                    +                        ;243;482;172;239;382
Radboud University;MSc in Data Science;Europa;Netherlands;Nijmegen;Sep;24;;Master;Full-time;English;Campus;Data plays a role in almost every scientific discipline, business industry, or social organization. Learn how to use software and algorithms to turn real-world data sets into                                             ...                                                    +                        ;244;436;366;176;224
University of Bath;Online MSc in Business Analytics;Europa;United Kingdom;Bath;Sep;;;Master;Part-time;English;Online;Bridging the gap between data science and business management, the University of Bath’s Business Analytics online MSc equips you with the necessary technical skills and knowle                                            ...                                                    +                        ;316;987;276;283;413
Università degli Studi di Genova;Master of Science in Computer Science;Europa;Italy;Genoa;;24;;Master;Full-time;English;Campus;The Master of Science in Computer Science is centered on Data Science & Engineering. The backbone of the program is constituted by three core units on advanced data manage                                            ...                                                    +                        ;346;741;596;288;256
University of Louisville;MS in Health Data Analytics;Nordamerika;USA;Louisville;Aug;24;;Master;Full-time;English;Campus;The Department of Health Management and Systems Sciences views health data analytics as to the wave of the future in public health and medicine. We recognize the need to educa                                            ...                                                    +                        ;353;1115;283;367;461
University of Louisville;MS in Health Data Analytics (On-Campus);Nordamerika;USA;Louisville;Aug;24;;Master;Full-time;English;Campus;The Master of Science in Health Data Analytics (MSHDA) is a two-year program with a focus on learning about health information analysis and data management, including HIPAA an                                            ...                                                    +                        ;353;1115;283;367;461
University of South Australia;Master of Data Science;Australia;Australia;Adelaide;;24;;Master;Full-time;English;Campus;The Master of Data Science gives you current knowledge of data science techniques and research. It caters for students with a mathematics or an IT background, with courses tai                                            ...                                                    +                        ;379;1749;494;326;370
University of South Australia;Bachelor of Information Technology and Data Analytics;Australia;Australia;Adelaide;Apr;36;;Bachelor;Full-time;English;Online;Combining two highly sought after areas of technology – data analytics and information technology – this degree will help you enter the workforce, or advance your career in th                                            ...                                                    +                        ;379;1749;494;326;370
University of Antwerp;Master of Computer Science: Computer Networks and Destributed Systems (M.Sc.);Europa;Belgium;Antwerp;Sep;24;;Master;Full-time;English;Campus;This Master’s program focusses on developing skills for research and development in computer science. Students get first-hand experience in a challenging, creative, dynamic an                                            ...                                                    +                        ;396;885;953;282;244
James Cook University;Online Master of Data Science;Australia;Australia;Online;Mar;;;Master;Part-time;English;Online;Are you looking to leverage expert knowledge of data science to propel your career in business or research? James Cook University’s Master of Data Science is an innovative, fu                                            ...                                                    +                        ;398;1090;522;285;437
Maastricht University ;Bachelor in Data Science and Knowledge Engineering;Europa;Netherlands;Maastricht;Sep;36;;Bachelor;Full-time;English;Campus;Knowledge is central to modern society. Smart chips help companies keep track of goods and manage supplies and stocks. New, high-tech communication devices, such as mobile pho                                            ...                                                    +                        ;400;1829;850;106;313
Saarland University;Master in Data Science and Artificial Intelligence;Europa;Germany;Saarbrücken;;;;Master;Full-time;English;Campus;Do you want to help shape the digital future, maybe even make an important contribution to society? Then the Master’s program in Data Science and Artificial Intelligence (DSAI                                            ...                                                    +                        ;414;857;490;599;430
Rochester Institute of Technology;MSc in Professional Studies: Data Analytics;Asien;United Arab Emirates;Dubai;Sep;;;Master;Full-time;English;Campus;This program prepares participants for successful careers helping organizations make better decisions through analytics. It prepares participants to work effectively with comp                                            ...                                                    +                        ;421;502;128;576;988
University of Bordeaux;Master in Public Health Data Science;Europa;France;Bordeaux;Sep;;;Master;Full-time;English;Campus;This international Master program provides a year of international research into public health data science, from project design to real-life health data analysis and the comm                                            ...                                                    +                        ;429;1456;907;345;302
Eötvös Loránd University;MSc in Computer Science - Data Science;Europa;Hungary;Budapest;Sep;24;;Master;Full-time;English;Campus;The goal of this program is to train Computer Scientist with a professional knowledge-based on solid theoretical background knowledge. They have the skills to take part in pro                                            ...                                                    +                        ;480;393;456;402;687
Hong Kong Baptist University;MSc in Data Analytics and Business Economics (MScDABE);Asien;Hong Kong;Kowloon Tong;Sep;;;Master;Full-time;English;Campus;The Master of Science in Data Analytics and Business Economics is thoughtfully designed to serve the increasing demand for talents in the area of data analytics and business e                                            ...                                                    +                        ;480;828;480;625;590
City University of London;MSc in Data Science;Europa;United Kingdom;London;;;;Master;Full-time;English;Campus;Data science is an emerging new area of science. With City’s MSc in Data Science, you can develop the skills and knowledge to analyse data in many forms and communicate insigh                                            ...                                                    +                        ;496;1195;419;415;710
Heriot-Watt University Dubai;MSc in Data Science;Asien;United Arab Emirates;Academic City;Sep;;;Master;Full-time;English;Campus;You will learn how to model, store and process these data sets using the latest algorithms and techniques and about modern methods and tools for visually exploring them. The c                                            ...                                                    +                        ;510;1529;501;418;649
Heriot-Watt University Dubai;BSc (Hons) in Computer Science (Data Science);Asien;United Arab Emirates;Academic City;Sep;48;;Bachelor;Full-time;English;Campus;Our BSc Computer Science (Data Science) degree focuses on constructing robust and useable systems. As well as looking at cutting edge tools and techniques, it’s designed to he                                            ...                                                    +                        ;510;1529;501;418;649
Swansea University;MSc in Data Science;Europa;United Kingdom;Swansea;Sep;;;Master;Full-time;English;Campus;The MSc in Data Science gives you a solid grounding in data science concepts and technologies for extracting information and constructing knowledge from data.                                    ;523;3496;706;376;535
Université de Nantes;Master in Data Science;Europa;France;Nantes;Sep;;;Master;Full-time;English;Campus;Through this program, students will acquire the scientific and technological skills towards a data scientist profile within a computer science degree.                                    ;530;939;923;540;469
New Jersey Institute of Technology;Master of Science in Data Science;Nordamerika;USA;Newark;Sep;;;Master;;English;Campus;As data accumulates across broad sectors of industry and academia we see a need for data scientists equipped with skills to assist with data-based decision making. For example                                            ...                                                    +                        ;556;2050;486;420;808
University of Stirling;MSc in Finance and Data Analytics;Europa;United Kingdom;Stirling;Sep;;;Master;Full-time;English;Campus;As the modern financial industry increasingly turns to big data to inform investment decisions, there is a growing demand for professionals with a specialisation in data analy                                            ...                                                    +                        ;595;2008;594;490;789
University of Stirling;MSc in Data Science for Business (Online);Europa;United Kingdom;Stirling;Sep;;;Master;Part-time;English;Online;Take your place on the cutting edge of today’s evolving business landscape with our online MSc in Data Science for Business. The course equips you to become a data-driven lead                                            ...                                                    +                        ;595;2008;594;490;789
University of Stirling;BSc (Hons) Data Science;Europa;United Kingdom;Stirling;Sep;;;Bachelor;Full-time;English;Campus;This BSc (Hons) Data Science will give you an in-depth awareness and appreciation of the underlying computing and mathematical principles driving data science technologies. It                                            ...                                                    +                        ;595;2008;594;490;789
Manchester Metropolitan University;MSc in Data Science;Europa;United Kingdom;Manchester;Sep;;;Master;Full-time;English;Campus;Data can provide the insight to shape decision-making, power scientific innovation, improve business operations or inform government policy. But it takes state-of-the-art comp                                            ...                                                    +                        ;637;1701;543;657;909
Manchester Metropolitan University;MSc in Data Analytics;Europa;United Kingdom;Manchester;Sep;;;Master;Full-time;English;Campus;Data is everywhere. With the advance in digital and computing technology, our ability to collect and store information has grown exponentially. But so has our capacity to anal                                            ...                                                    +                        ;637;1701;543;657;909
Nova Southeastern University;Master of Science in Data Analytics;Nordamerika;USA;Fort Lauderdale;May;;;Master;Full-time;English;Campus;The Master of Science in Data Analytics is a 30 credit-hour degree program at Nova Southeastern University's College of Computing and Engineering. Offered online and on-campus                                            ...                                                    +                        ;724;1494;356;889;1347
University of Wroclaw;Master in Data Science;Europa;Poland;Wrocław;Oct;24;;Master;Full-time;English;Campus;Our master's program is a unique combination of solid mathematical background and computer science applications. Not only will you learn how to use tools, such as deep neural                                             ...                                                    +                        ;727;656;669;1023;986
University Bourgogne Franche-Comté;MSc in Data Analyst for Spatial and Environmental Economics (DASEE);Europa;France;Dijon;Sep;24;;Master;Full-time;English;Campus;The objective of this Master's program is to be a highly specialized and selective Master’s degree program offering an integrated view on urban/regional and environmental issu                                            ...                                                    +                        ;767;1701;1400;592;736
Tampere University;MSc in Simulation and Data Science;Europa;Cyprus;Nicosia;Oct;;;Master;Full-time;English;Campus;Simulation and Data Science is a unique course in Cyprus that combines Simulation with the new field of Data Science. As computers speed up and instruments and sensors become                                             ...                                                    +                        ;778;654;1851;618;649
Tampere University;Master's Degree Programme in Computing Science – Statistical Data Analytics;Europa;Finland;Tampere;Aug;24;;Master;Full-time;English;Campus;Statistical Data Analytics (M.Sc.) teaches you to understand data analysis and master necessary skills, such as data cleansing, integration, modelling and prediction, and inte                                            ...                                                    +                        ;778;654;1851;618;649
Tampere University;Master's Degree Programme in Computing Science – Data Science;Europa;Finland;Tampere;Aug;24;;Master;Full-time;English;Campus;Big data and data-driven methods are at the centre of modern computer science, statistics and computer engineering and hold great promise for the future. Data Science (M.Sc.)                                             ...                                                    +                        ;778;654;1851;618;649
Singapore Management University;MSc in Accounting (Data and Analytics);;;Singapore;;;;Master;Full-time;English;Campus;The MSA program is the first specialized Master’s degree in accounting data and analytics in Asia. Unlike any other postgraduate analytics program, the MSA’s data and analytic                                            ...                                                    +                        ;803;680;1027;639;1013
University Ca Foscari of Venice;Master's Degree in Data Analytics for Business and Society;;;;;24;;Master;Full-time;English;Campus;The course is designed for students who have studied economics or business who have a strong interest in quantitative methods and the use of big data for maintaining and incre                                            ...                                                    +                        ;807;652;825;748;1149
University of Southern Queensland;Bachelor of Information and Technology (Data Analytics);Australia;Australia;Toowoomba;;36;;Bachelor;Full-time;English;Campus;With constant advances in technology, internet speed, and social media, professionals are facing the challenge of capturing, storing, transferring and organizing large quantit                                            ...                                                    +                        ;821;1910;880;831;1070
The New School;Data Visualization (MS);;;;;;;Master;Full-time;English;Campus;Parsons’ Master of Science in Data Visualization is a multidisciplinary program in which students develop skills bringing together visual design, computer science, statistical                                            ...                                                    +                        ;871;2276;272;1210;1956
Stevens Institute of Technology;Master in Data Science;Nordamerika;USA;Hoboken;;24;;Master;Full-time;English;Campus;Learn the theoretical knowledge and practical skills necessary to analyze big data for functional application in business and technology.                                    ;878;4390;1005;654;1116
College of Charleston;Data Science and Analytics, M.S.;Nordamerika;USA;Charleston;Jun;;36;Master;Full-time;English;Campus;Graduates of this degree program will master the following core skills: Data Modeling, Data Wrangling, Experimental Design, Statistics, Optimization, Machine Learning, and Dat                                            ...                                                    +                        ;952;1456;581;1122;1747
University of Bradford;MSc in Logistics, Data Analytics and Supply Chain Management;Europa;United Kingdom;Bradford;Sep;;;Master;Full-time;English;Campus;Our new Master’s programme in Logistics, Data Analytics and Supply Chain Management is designed for those considering broadening their knowledge beyond their existing discipli                                            ...                                                    +                        ;975;2585;1436;730;1147
University of Bradford;MSc in Big Data Science and Technology;Europa;United Kingdom;Bradford;Sep;;;Master;Full-time;English;Campus;This programme will deepen your understanding of advanced software development, systems for big data analytics, statistical data analysis, data mining, data privacy and securi                                            ...                                                    +                        ;975;2585;1436;730;1147
University of Westminster;MA in Data, Culture and Society;Europa;United Kingdom;London;;;;Master;Full-time;English;Campus;We live in an age where almost everything of what we do is connected to data. Big data and datafication - the increasing transformation of multiple aspects of everyday lives i                                            ...                                                    +                        ;980;2491;904;1229;1398
VSB - Technical University of Ostrava;Master in Industry 4.0;Europa;Czech Republic;Ostrava;Sep;24;;Master;Full-time;English;Campus;Study program Industry 4.0 is a new and prospective study program that connects Computer Science and Cybernetics into a unique form. Students will be introduced into new trend                                            ...                                                    +                        ;1004;308;1270;1405;1308
 Università Commerciale Luigi Bocconi Milano;MSc in Data Science and Business Analytics;Europa;Italy;Milan;;24;;Master;Full-time;English;Campus;This MSc is designed for students having a strong bent for Computational, Statistical, and Mathematical Sciences and a genuine interest in working with data. Students will be                                             ...                                                    +                        ;1008;1819;2079;517;1064
USI Università della Svizzera italiana;Master of Science in Computational Science;Europa;Switzerland;Lugano;Sep;;;Master;Full-time;English;Campus;The Master of Science degree in Computational Science (MCS) at the Università della Svizzera Italiana (USI) offers students the opportunity to acquire an in-depth understandin                                            ...                                                    +                        ;1019;2148;1698;743;1138
USI Università della Svizzera italiana;Master of Science in Software and Data Engineering (MSDE);Europa;Switzerland;Lugano;Sep;;;Master;Full-time;English;Campus;MSDE is a unique opportunity for students to become highly qualified, software and data engineers able to effectively deal with the increasing complexity of modern software sy                                            ...                                                    +                        ;1019;2148;1698;743;1138
Free University of Bozen-Bolzano;Master in Computational Data Science;Europa;Italy;Bolzano;Oct;24;;Master;Full-time;English;Campus;Our master programme will provide you with the key competencies that you will need to develop next-generation information systems used to describe and manage data, discover ne                                            ...                                                    +                        ;1038;2347;1685;936;1128
Leuphana University of Luneburg;Master in Management & Data Science;Europa;Germany;Lüneburg;Oct;;;Master;Full-time;English;Campus;The Mas­ters pro­gram­me in Management & Data Science is ge­a­red towards stu­dents wan­ting to ad­van­ce their skills in the data ana­ly­sis of real-world pheno­me­na.                                            ...                                                    +                        ;1061;2523;1577;1276;1134
University of Navarra;Master in Big Data Science;Europa;Spain;Madrid;;;;Master;Full-time;Spanish;Campus;The Executive Master in Big Data Science (MEBDS) was born as a response to this new reality: it offers a technical program and, at the same time, very practical: it has a mult                                            ...                                                    +                        ;1085;464;752;7356;569
Vietnam National University Hanoi;Bachelor in Business Data Analytics;Asien;Vietnam;Hanoi;Sep;;;Bachelor;Full-time;English;Campus;The Bachelor in Business Data Analytics is an English – taught course (except for 4 Vietnamese compulsory subjects in which international students will be provided with great                                             ...                                                    +                        ;1133;436;1855;1631;1230
Syracuse University;Master of Science in Enterprise Data Systems;Nordamerika;USA;Syracuse;Sep;24;;Master;Full-time;English;Campus;The MS in Enterprise Data Systems (EDS) from the iSchool is designed for students who want to prepare professionals to manage, design, support and optimize the infrastructure                                             ...                                                    +                        ;1184;8744;687;7356;586
Syracuse University;Master of Science in Applied Data Science;Nordamerika;USA;Syracuse;Sep;24;;Master;Full-time;English;Campus;The MS in Applied Data Science prepares students with the practical analytical and technical skills to apply analytical concepts to gain insight from small and large datasets.                                            ...                                                    +                        ;1184;8744;687;7356;586
"University of Campania ""Luigi Vanvitelli""";Bachelor Degree in Data Analytics;Europa;Italy;Santa Maria Capua Vetere;Oct;36;;Bachelor;Full-time;English;Campus;You should enroll in the program because you will master the skills you need to establish a successful Data Science career. You will learn how to analyze data and communicate                                             ...                                                    +                        ;1200;2406;6798;627;446
ZHAW School of Life Sciences And Facility Management;Master of Science (MSc) in Applied Computational Life Sciences;Europa;Switzerland;Wädenswil;Sep;;42;Master;Full-time;English;Campus;There is a growing need for experts who have specific knowledge in a scientific discipline combined with skills in data science, modeling, and computation. Programming, Algori                                            ...                                                    +                        ;1249;1311;1251;1143;1852
Czech University Of Life Sciences;BSc in Environmental Data Science;Europa;Czech Republic;Prague;Sep;36;;Bachelor;Full-time;English;Campus;Data science is the main driver for innovation in the coming years. In geosciences, there has been an explosion of data collected from various sources. Sensors, satellites and                                            ...                                                    +                        ;1286;2245;2148;1620;1317
Bentley University;Master in Marketing Analytics;Nordamerika;USA;Waltham;Sep;24;;Master;Full-time;English;Campus;"Program features: develops the critical expertise in qualitative and quantitative analysis that is in high demand among leading companies across a range of industries; teaches                                            ...                                                    +                        ";1308;4125;846;969;2312
University of Prince Edward Island;BSc in Analytics;Nordamerika;Canada;Charlottetown;;48;;Bachelor;;English;Campus;Analytics is situated at the confluence of statistics, computer science and mathematics all centered on finding, interpreting and presenting meaningful patterns in data. We of                                            ...                                                    +                        ;1452;3231;1510;1366;2025
Long Island University;Master of Science in Data Analytics and Strategic Business Intelligence;Nordamerika;USA;Brookville;;;;Master;Full-time;English;Campus;The College of Management (C.O.M.) at L.I.U. Post offers a new, 30-credit, specialized Master of Science in Data Analytics and Strategic Business Intelligence program (M.D.A.)                                            ...                                                    +                        ;1483;5082;1095;1648;2268
Institut Eurecom École dIngénieurs en Systemes de Communication;Master in Internet of Things (IoT);Europa;France;Biot;Sep;;;Master;Full-time;English;Campus;The Internet of Things (IoT) represents a new stage in the digital revolution, fully contributing to the construction of a digital society. Several sectors of the digital soci                                            ...                                                    +                        ;1513;3769;2283;1220;1790
Institut Eurecom École dIngénieurs en Systemes de Communication;Master in Data Science and Engineering;Europa;France;Biot;Sep;;;Master;Full-time;English;Campus;"The ""Big Data"" phenomenon is rooted in the field of data science and engineering, which aims at developing both computer and mathematical tools for data storage and processing                                            ...                                                    +                        ";1513;3769;2283;1220;1790
New York Institute of Technology;Data Science, M.S.;Nordamerika;USA;New York;Sep;;;Master;Full-time;English;Campus;Our networked world is drowning in data, affecting the way business, government, science, and healthcare are conducted. The NYIT Data Science, M.S. is designed to help profess                                            ...                                                    +                        ;1629;5124;1464;1505;2375
University of Economics Prague ;Master in Economic Data Analysis;Europa;Czech Republic;Prague;Sep;24;;Master;Full-time;English;Campus;The aim of this master program is to provide students with knowledge and abilities in the area of economic data analysis. This are covers many topics related to data acquisiti                                            ...                                                    +                        ;1673;936;1563;1568;2609
Université de technologie de Troyes;Mastère Spécialisé® Expert in Big Analytics and Metrics;Europa;France;Troyes;;;;Master;Full-time;Multiple;Campus;Expert's objective in Big Analytics and Metrics is to design, develop and pilot innovative solutions to address the complexity of managing and analyzing these large amounts of                                            ...                                                    +                        ;1861;7465;4089;1396;1763
Cardiff Metropolitan University;BSc (Hons) Data Science;Europa;United Kingdom;Cardiff;;;48;Bachelor;Full-time;English;Campus;Data Science is the field of scientific methods, processes, and algorithms that allow the gleaning of knowledge or intelligence from data in its various forms.                                    ;1875;4746;3044;1807;2141
University of Evansville;Bachelor of Science in Statistics and Data Science;Nordamerika;USA;Evansville;Aug;48;;Bachelor;Full-time;English;Campus;UE’s program in statistics and data science combines state-of-the-art tools and techniques from the field of data science with a mathematically rigorous tradition of classical                                            ...                                                    +                        ;1955;4986;889;3171;3333
University of New Haven;MSc in Data Science;Nordamerika;USA;;Aug;;;Master;Full-time;English;Campus;The Master of Science in data science prepares students for positions in the exploding new fields of data analytics, big data, and data science. The program combines fundament                                            ...                                                    +                        ;1959;5211;1827;1803;2863
Dalarna University College  ;Master in Data Science;Europa;Sweden;Borlänge;Sep;24;;Master;Full-time;English;Campus;Harness the power of data analytics to solve the practical problems of companies and organizations worldwide.                                    ;2059;3257;3721;2435;2155
Universitat de Vic;Master in Omic Data Analysis;Europa;Spain;Barcelona;;;;Master;Part-time;English;Campus;The aim of the Master is to produce well-trained professionals in Bioinformatics and Omics Data Analysis who after graduation would be able to perform efficient and rigorous a                                            ...                                                    +                        ;2181;1719;3724;1712;2651
University of Indianapolis;Master of Science in Data Analytics;Nordamerika;USA;Indianapolis;Aug;;;Master;Full-time;English;Campus;Data in all forms continues to expand and become more readily available to both businesses and the consumer. As this happens, the demand for those who can interpret and apply                                             ...                                                    +                        ;2238;3835;1924;2956;3166
University of the Sciences in Philadelphia;BS in Data Science;Nordamerika;USA;Philadelphia;Sep;48;;Bachelor;Full-time;English;Campus;The USciences Data Science bachelor’s program provides you with the knowledge, skills, and technical foundation to make sense of an avalanche of data, unlock scientific insigh                                            ...                                                    +                        ;2282;8880;3500;2870;2438
University of Mauritius;Bachelor (Hons) in Data Science;Afrika;Mauritius;Réduit;Aug;;60;Bachelor;Full-time;English;Campus;Data Science is a rapidly growing and interdisciplinary field that consists of extracting knowledge and insights from data to help understand a problem area and make decisions                                            ...                                                    +                        ;2356;2021;5795;2205;2118
Jacobs University Bremen;MSc in Data Engineering;Europa;Germany;Bremen;;24;;Master;Full-time;English;Campus;Data engineering is an emerging profession concerned with big data approaches to data acquisition, data management, and data analysis. The MSc program at Jacobs University off                                            ...                                                    +                        ;2462;4143;12171;1018;1153
European University Cyprus;Bachelor of Science in Computer Science;Europa;Cyprus;Nicosia;;48;;Bachelor;Full-time;English;Campus;The Computer Science program covers the foundations of the field in theory and practice, including the interaction between hardware and software, the human-computer interface,                                            ...                                                    +                        ;2564;1539;5235;1985;2754
Ohio Wesleyan University;Bachelor in Data Analytics;Nordamerika;USA;Delaware;Sep;;;Bachelor;Full-time;English;Campus;Data analytics is a rapidly growing profession across a wide range of fields, including finance, healthcare, insurance, biomedical research, computer science, marketing, and m                                            ...                                                    +                        ;2616;5082;1100;4659;4031
Yerevan State University;Bachelor of Science in Applied Statistics and Data Science;Europa;Armenia;Yerevan;Sep;48;;Bachelor;Full-time;English;Campus;The 21st Century has brought new challenges in the analysis of data, and it is increasingly apparent that solutions to these are both statistical and computational. This has l                                            ...                                                    +                        ;2630;894;4848;2363;2973
Singidunum University;Master in Data Science;Europa;Serbia;Belgrade;;;;Master;Full-time;Multiple;Campus;The Data Science study program is a unique master’s degree program in Serbia, on a par with the best quality programs in Europe and the world. This program is thought in the S                                            ...                                                    +                        ;3120;2440;4787;2555;3797
Singidunum University;Bachelor in Software and Data Engineering;Europa;Serbia;Belgrade;;48;;Bachelor;Full-time;Multiple;Campus;Our Software and Data Engineering study program is precisely tailored to educate young people for these professional roles. Initially, we have reviewed hundreds of job descrip                                            ...                                                    +                        ;3120;2440;4787;2555;3797
Ohio Northern University;Bachelor Data Analytics;Nordamerika;USA;Ada;Aug;48;;Bachelor;Full-time;English;Campus;Big data drives the future. Prepare for this fast-growing field by majoring in data analytics at O.N.U. You’ll learn how to capture, store and analyze large data sets. And, yo                                            ...                                                    +                        ;3182;6362;1451;7356;3600
Frankfurt School of Finance & Management;Master in Applied Data Science (MSc);Europa;Germany;Frankfurt;Aug;;;Master;Full-time;English;Campus;The MSc in Applied Data Science is a response to the demand from across different industries for business-savvy data scientists with the collaborative skills to match. This 4-                                            ...                                                    +                        ;3345;7420;3098;7356;2997
Edinboro University;Bachelor of Science in Data Analytics;Nordamerika;USA;Edinboro;Aug;48;;Bachelor;Full-time;English;Campus;Big data is big business. Nearly every industry in the world today relies on tech-savvy individuals to capture and analyze data. Yet, there is a shortage of data scientists. E                                            ...                                                    +                        ;3522;5738;1764;5128;4882
Drew University;Master of Science in Data Analytics;Nordamerika;USA;Madison;Aug;24;;MScMSc;Full-time;English;Campus;The digitization of information—social networks, business transactions, healthcare records and more—has transformed the world, necessitating a demand for people who understand                                            ...                                                    +                        ;3871;4170;9516;3333;3718
Assumption College;Bachelor in Data Analytics;Nordamerika;USA;Worcester;Sep;48;;Bachelor;Full-time;English;Campus;Data is the basic raw material of the 21st Century. Industry, government and NGO’s can now know more about us than ever before in human history: what we buy, what we read, wha                                            ...                                                    +                        ;4206;8799;1618;2843;6084
Saint Marys University of Minnesota;Master of Science in Business Intelligence and Data Analytics;Nordamerika;USA;Winona;;;;Master;Full-time;English;Online;Master your use of big data, presentation, and business to explain the relationship between organizational problems and strategizing successful solutions. Affordable, convenie                                            ...                                                    +                        ;4250;7311;1303;7356;5178
Johnson & Wales University;Master of Science in Data Analytics;Nordamerika;USA;Providence;Sep;;;Master;;English;Campus;In a world driven by increasingly vast and complex data, employees are needed to decipher that data quickly and efficiently to help companies make more-informed business decis                                            ...                                                    +                        ;4431;4278;1532;7356;5341
Saint Ambrose University;Bachelor of Science in Data Science and Analytics;Nordamerika;USA;Davenport;Aug;48;;Bachelor;Full-time;English;Campus;If you love working with and manipulating numbers, analyzing outcomes, and helping others understand how data can work for them, a degree in Data Science and Analytics from St                                            ...                                                    +                        ;4464;7509;1680;4691;6084
Lewis University;MS in Data Science - Computational Biology and Bioinformatics;Nordamerika;USA;Romeoville;Sep;24;;Master;Part-time;English;Online;Customize your online MS in Data Science degree with a concentration in Computational Biology and Bioinformatics. This concentration looks at data analysis from the perspectiv                                            ...                                                    +                        ;4470;6700;1621;4982;6084
Lewis University;MS in Data Science;Nordamerika;USA;Romeoville;Sep;24;;Master;Part-time;English;Online;Discover the meaning within big data with an online MS in Data Science. Customize your education and choose from 2 concentration options in Computational Biology & Bioinfo                                            ...                                                    +                        ;4470;6700;1621;4982;6084
Lewis University;MS in Data Science - Computer Science;Nordamerika;USA;Romeoville;Sep;24;;Master;Part-time;English;Online;Customize your online MS in Data Science degree with a concentration in Computer Science. This concentration approaches data analysis from a programming perspective and prepar                                            ...                                                    +                        ;4470;6700;1621;4982;6084
Malmö University;Master in Computer Science: Applied Data Science;Europa;Sweden;Malmö;Aug;24;;Master;Full-time;English;Campus;This interdisciplinary two-year master’s program will provide you with an understanding of the state-of-the-art methods and algorithms of data science through hands-on experie                                            ...                                                    +                        ;4484;1701;3760;1727;6084
Skolkovo Institute of Science and Technology Skoltech;Master of Science in Data Science;Asien;Russia;Moscow;Sep;24;;Master;Full-time;English;Campus;Data scientists are going to be among the most demanded specialists on the hi-tech market. Our program is created to meet this demand and to equip the most talented young scie                                            ...                                                    +                        ;4559;6362;4068;1113;6084
Mercyhurst University;Master of Science in Applied Intelligence;Nordamerika;USA;Erie;Sep;24;;Master;Full-time;English;Campus;This degree provides students with the educational foundation necessary to succeed as intelligence analysts in federal national security agencies, private defense contractors,                                            ...                                                    +                        ;4599;6566;1812;5389;6084
Mercyhurst University;Master of Science in Data Science;Nordamerika;USA;Erie;Sep;24;;Master;Full-time;English;Campus;The data science master's degree program educates students to collect, analyze, visualize, and communicate actionable insights for data-driven business decisions. A master's d                                            ...                                                    +                        ;4599;6566;1812;5389;6084
Middlesex University Dubai;MSc Data Science;Asien;United Arab Emirates;Dubai;Sep;;;Master;Full-time;English;Campus;The role of a data scientist is rapidly becoming a required position for any company that wishes to take full advantage of the data they collect. There is an increased demand                                             ...                                                    +                        ;4686;12932;10282;5309;4215
University of Findlay;Bachelor in Computer Science;Nordamerika;USA;Findlay;Aug;48;;Bachelor;Full-time;English;Campus;Prepare yourself for technological careers needed in today’s corporations. University of Findlay Computer Science students learn object-oriented programming languages, client/                                            ...                                                    +                        ;4697;4028;2504;4991;6084
Harrisburg University;MS Analytics;Nordamerika;USA;Harrisburg;;24;;Master;Online & Campus Combined;English;Online & Campus Combined;Harrisburg University’s Master of Science (M.S.) in Analytics degree program is designed for students with a strong background in mathematics, computer science, engineering, o                                            ...                                                    +                        ;4806;9729;2795;4539;6084
Bellevue College Washington;Bachelor of Applied Science Degree Data Analytics;Nordamerika;USA;Bellevue;;;;Bachelor;;English;Campus;The Bachelor of Applied Science in Data Analytics provides graduates with the skills and knowledge needed for employment in the rapidly emerging field of data analytics, which                                            ...                                                    +                        ;4823;3756;1011;7356;6084
ESIC Business & Marketing School;Master in Big Data Management;Europa;Spain;Madrid;Oct;;;Master;Full-time;Spanish;Campus;The Master in Big Data Management is designed to provide a deep and transversal view of Big Data, specializing in the technologies used for the processing and design of data a                                            ...                                                    +                        ;4989;4339;3751;4473;6084
Offenburg University;Master in Renewable Energy and Data Engineering (RED);Europa;Germany;Offenburg;;;;Master;Full-time;Multiple;Campus;Get ready for shaping the future energy sector! The energy sector is facing huge challenges: Growing energy demand, more distributed and renewable energy sources, less central                                            ...                                                    +                        ;5026;3381;4074;4246;6084
Asian Institute of Management;Master of Science in Data Science (MSDS);Asien;Philippines;Makati;;;;Master;Full-time;English;Campus;A four-term, 14-month full-time program which includes 10-core data science modules and 15 business and or management modules, with 2 electives and 1 capstone project that req                                            ...                                                    +                        ;5065;13956;6945;5239;5178
Université Côte d’Azur ;MSc in Data Sciences;Europa;France;Nice;Sep;24;;Master;Full-time;English;Campus;"Join the most strategic field of the digital economy and learn its fundamental methods and algorithms with the ""Data Science"" MSc program at Université Côte d'Azur!                                    ";5215;3343;5882;2451;6084
Université Côte d’Azur ;MSc in Biobanks and Complex Data Management;Europa;France;Nice;;24;;Master;Full-time;Multiple;Campus;"The MSc in ""Biobanks and Complex Data Management"" opens immediate career opportunities in a variety of sectors such as human health, pharmaceutical, and biotechnology industri                                            ...                                                    +                        ";5215;3343;5882;2451;6084
Université Côte d’Azur ;MSc Mathematical Sciences for Biomedical Data and Biophysics;Europa;France;Nice;;24;;Master;Full-time;Multiple;Campus;Computational biology is a multidisciplinary approach addressing and solving current problems in biology and medicine using methodologies stemming from mathematics, physical s                                            ...                                                    +                        ;5215;3343;5882;2451;6084
New England College;Master of Science in Data Analytics and Business Statistics;Nordamerika;USA;Henniker;;;;Master;Full-time;English;Campus;With the growth of the digital age businesses and organizations have had access to unprecedented amounts of data. In order to turn this data into a competitive advantage, busi                                            ...                                                    +                        ;5435;5138;1909;7356;6084
Princess Nourah Bint Abdulrahman University;MSc in Computing (Data Analytics);Asien;Saudi Arabia;Riyadh;Sep;;;Master;Full-time;English;Campus;This program opens up opportunities for students who envision to shine in their career prospect in data analytics in acquiring in-depth skills and knowledge to analyze, proces                                            ...                                                    +                        ;5667;8003;6610;2964;6084
Medaille College;Bachelor in Applied Mathematics;Nordamerika;USA;Buffalo;May;48;;Bachelor;Full-time;English;Campus;Students will complete a program that is anchored by fundamentals of computing, programming, databases, data mining, financial risk, and analysis, which is the root of study f                                            ...                                                    +                        ;5678;10973;2069;7356;6084
Montpellier Business School;MSc in Digital Transformation;Europa;France;Montpellier;Sep;;;Master;Full-time;English;Campus;Through this program, you will understand and consider the effects of the digital revolution. The lectures, seminars and case studies all along the year will give you the tool                                            ...                                                    +                        ;5879;10375;6710;3292;6084
College of Saint Elizabeth;MS in Data Analytics;Nordamerika;USA;Morristown;Sep;;;Master;Part-time;;Campus;The Master of Science in Data Analytics Program at CSE will prepare graduates with the knowledge and skill set necessary to become analytics and data science professionals. Th                                            ...                                                    +                        ;5890;11751;2323;7356;6084
Burgundy School of Business;MSc Data Science & Organisational Behaviour;Europa;France;Dijon;Sep;;;Master;Full-time;English;Campus;The MSc Data Science & Organisational Behaviour is dedicated to students who want to manage data and influence behaviours                                    ;6126;10934;6054;4610;6084
IMC University of Applied Sciences Krems;Bachelor Informatics;Europa;Austria;Kremsander Donau;Sep;;;Bachelor;Full-time;English;Campus;"The internet of things, Industry 4.0 and social media; data mining and machine learning; the exponential growth in storage capacity and increase in cloud-based processing powe                                            ...                                                    +                        ";6317;14536;5861;5000;6084
ENSAI: National School for Statistics and Information Analysis;MSc in Statistics for Smart Data;Europa;France;Rennes;Sep;;;Master;Full-time;English;Campus;ENSAI is taking advantage of its accreditation renewal to revamp the Master of Science in Big Data program to shift its focus to Smart Data. As a result, the existing program                                             ...                                                    +                        ;8501;16081;9293;5805;6084
Botswana International University of Science  Technology;MSc Information Systems & Data Management;Afrika;Botswana;Palapye;Sep;;;Master;;English;Campus;MSc Thesis Research in Information Systems & Data Management                                    ;9085;10263;13848;2831;6084
Botswana International University of Science  Technology;BSc Information Systems & Data Management;Afrika;Botswana;Palapye;Sep;;;Bachelor;;English;Campus;This scientific discipline addresses the range of strategic, managerial, and operational activities involved in the gathering, processing, storing, distributing, and use of in                                            ...                                                    +                        ;9085;10263;13848;2831;6084
Arden University;MSc Data Analytics and Enterprise Architecture;Europa;United Kingdom;Coventry;Apr;;;Master;Full-time;English;Online;Getting ahead of change is essential in this rapidly evolving technological environment. The online MSc Data Analytics and Enterprise Architecture programme from Arden Univers                                            ...                                                    +                        ;9654;17587;6914;7356;6084
Arden University;MSc Data Analytics & Human Resource Management;Europa;United Kingdom;Coventry;Apr;;;Master;Full-time;English;Online;The modern workplace relies on data, and those with the skills to handle and interpret an organisation’s data are in high demand. This MSc Data Analytics & Human Resource                                             ...                                                    +                        ;9654;17587;6914;7356;6084
Arden University;MSc Data Analytics & Project Management;Europa;United Kingdom;Coventry;Apr;;;Master;Full-time;English;Online;The modern workplace relies on data, and those with the skills to handle and interpret an organisation’s data are in high demand. This MSc Data Analytics & Project Managem                                            ...                                                    +                        ;9654;17587;6914;7356;6084
University of Central Lancashire Cyprus;MSc Data Analytics;Europa;Cyprus;Larnaca;;;;Master;Full-time;English;Campus;Data Analytics is the science that allows decision makers to unveil new business insights by examining large amounts of data to uncover hidden patterns, correlations and other                                            ...                                                    +                        ;11448;15207;9514;7356;6084
Bologna Business School;Master in Data Science;Europa;Italy;Bologna;Nov;;;Master;Full-time;English;Campus;The Master in Data Science is designed to provide highly specialized training for those who have developed a strong interest in data processing and would like to hone that ski                                            ...                                                    +                        ;;;;;
ENyD - Escuela de Negocios y Dirección;Official Master's Degree in Management and Analysis of Large Data Volumes: Big Data;Europa;Spain;Madrid;Oct;;;Master;Part-time;Spanish;Online;The main objective of this specialized master in big data management and analysis is to be able to give the student a comprehensive and comprehensive view of data analytics, s                                            ...                                                    +                        ;;;;;
University Paris Seine;International Bachelor Modelling and Data Science for a changing World;Europa;France;Paris;;;;Bachelor;Full-time;English;Campus;Data science, cybersecurity, economic and financial engineering, artificial intelligence, quantum technologies… are all great challenges which companies face today and which r                                            ...                                                    +                        ;;;;;
emlyon business school;MSc in Digital Marketing & Data Science;Europa;France;Paris;Sep;;;Master;Full-time;English;Campus;The MSc in Digital Marketing & Data Science pedagogy uniquely combines a strong academic background in business studies, marketing, data analysis and strategy with an in‐d                                            ...                                                    +                        ;;;;;
UNIR;Master's Degree in Big Data Analysis and Visualization / Visual Analytics & Big Data;Europa;Spain;Logroño;;;;Master;Part-time;Spanish;Online;The Master in Big Data online will train you as a professional of BIG DATA, one of the most demanded professions in 2018 according to the Wanted of the Adecco Group, capable o                                            ...                                                    +                        ;;;;;
Life Learning;Online Accredited Master in Machine Learning and Data Analysis at € 199 instead of € 1000 [Last 3 places available];Europa;Italy;Milan;;;;Master;Full-time;Italian;Online;This master has only one focus: to enable those who follow it to use the Machine Learning in R. Everything then orbits around the goal of allowing students to realize their mo                                            ...                                                    +                        ;;;;;
PC Carrier;Master's Degree in Development Applications and Relational Data;Europa;Spain;A Coruña;Sep;;;Master;Online & Campus Combined;Spanish;Online & Campus Combined;Programmers are undoubtedly the most demanded professionals in the ICT sector. With this Master's we teach from 0 to carry out the automation, creation of applications and sol                                            ...                                                    +                        ;;;;;
OBS Business School;Master in Big Data and Analytics;Europa;Spain;Barcelona;May;;;Master;Full-time;Spanish;Online;The Master in Big Data and Analytics was born as a result of the union between the extensive experience in training and research, in the field of technology, which characteriz                                            ...                                                    +                        ;;;;;
OBS Business School;Master in Big Data and Analytics;Europa;Spain;Online;May;;;Master;Online & Campus Combined;Spanish;Online & Campus Combined;Change the way you analyze your organization to transform it into a data driven company. Online program with the possibility of a face-to-face stay in Barcelona.                                    ;;;;;
Erasmus School of Economics - Erasmus University Rotterdam;Master in Business Data Science;Europa;Netherlands;Rotterdam;Sep;24;;Master;Full-time;English;Campus;Business Data Science offers a Research Master’s Program with three tracks: in Quantitative Finance, Management Science and Supply Chain Analytics                                    ;;;;;
McGovern Education Group;Master of Data Science;Nordamerika;USA;Oklahoma City;Sep;;;Master;Full-time;English;Campus;The Master of Data Science is a master’s degree in data science, an interdisciplinary field that uses scientific methods, processes, algorithms, and systems to extract knowled                                            ...                                                    +                        ;;;;;
McGovern Education Group;Bachelor of Data Science;Nordamerika;USA;Oklahoma City;Sep;48;;Bachelor;Full-time;English;Campus;A Bachelor of Data Science is a four-year degree in data science, an interdisciplinary field that uses scientific methods, processes, algorithms, and systems to extract knowle                                            ...                                                    +                        ;;;;;
Innovation & Entrepreneurship Business School;Master in Business Intelligence and Data Science;Europa;Spain;Barcelona;;5;;Master;Part-time;Spanish;Online;In this Master in Business Intelligence and Data Science you will learn in a practical way to use all the tools that Big Data and Business Intelligence provide us to make stra                                            ...                                                    +                        ;;;;;
University of Illinois at Chicago College of Urban Planning and Public Affairs;Master of Science in Civic Analytics;Nordamerika;USA;Chicago;Aug;24;;Master;Full-time;English;Campus;The Master of Science in Civic Analytics is a first of its kind degree that combines study in civic technology and data analytics for those in the government and nonprofit sec                                            ...                                                    +                        ;;;;;
Asia Pacific University of Technology & Innovation (APU);MSc in Data Science and Business Analytics;Asien;Malaysia;Kuala Lumpur;Jan;;;Master;Full-time;English;Campus;This programme is designed to provide students with the knowledge and applied skills in data science, big data analytics and business intelligence. It aims to develop analytic                                            ...                                                    +                        ;;;;;
Nuclio Digital School;Intensive Master in Data Science;Europa;Spain;Barcelona;;4;;Master;Part-time;Spanish;Campus;Developed a state-of-the-art curriculum and expert instructors for our 16-week full-time immersion program                                    ;;;;;
IMT Atlantique;MSc in Information Technologies - Track in Data Science (DS);Europa;France;Brest;Sep;24;;Master;Full-time;Multiple;Campus;This MSc program is aimed at future experts in the design of high-performance support systems for data mining, knowledge extraction, and decision aiding.                                    ;;;;;
The University of Law Business School Postgraduate;Master of Data Science;Australia;Australia;Crawley;Jan;;;Master;Full-time;English;Campus;Gain the skills to tackle big data challenges and compete in the digital realm.                                    ;;;;;
The University of Law Business School Postgraduate;MSc Cyber Security and Data Governance;Europa;United Kingdom;London;Sep;;;Master;Full-time;English;Campus;The MSc Cyber Security and Data Governance course focuses on a combination of technology, business and policy. It is ideal for students who have an interest in developing an i                                            ...                                                    +                        ;;;;;
EDC Paris Business School;Master in Data Science and Business Analysis;Europa;France;Paris;Sep;60;;Master;Full-time;French,English;Campus;This major aims at training managers capable of providing solutions across the entire data chain and to support strategic decision-making based on data analysis through innova                                            ...                                                    +                        ;;;;;
EDC Paris Business School;Master of Science (M.Sc In) Data Science and Business Analysis;Europa;France;Paris;Sep;;;Master;Full-time;Multiple;Campus;Our course philosophy is to educate young professionals to become leaders with an entrepreneurial spirit through a focus on business development, new venture creation, transdi                                            ...                                                    +                        ;;;;;
CESTE Business School;Master in Data Science;Europa;Spain;Zaragoza;;;;Master;Part-time;Spanish;Campus;The Master aims to prepare professionals with a high command of the competencies associated with information technologies, experts in cutting-edge technologies in the market,                                             ...                                                    +                        ;;;;;
GISMA ULaw;MSc Cyber Security and Data Governance;Europa;Germany;Berlin;Sep;;;MScMSc;Full-time;English;Campus;The MSc in Cyber Security and Data Governance Security will teach you about today’s digital world. Through a core focus on critical problem-solving skills, the programme will                                             ...                                                    +                        ;;;;;
EC-Council University;MSCS - Security Analyst specialization;Nordamerika;USA;Albuquerque;Apr;24;;Master;Full-time;English;Online;The Security Analyst specialization focuses on testing methods and techniques to effectively identify and mitigate risks to the security of a company’s infrastructure while pr                                            ...                                                    +                        ;;;;;
Curtin University;Master of Predictive Analytics;Australia;Australia;Perth;;24;;Master;Full-time;English;Campus;This course addresses the growing demand for data analysts and scientists that have the right blend of technical and analytical skills to meet big data analytics challenges. I                                            ...                                                    +                        ;;;;;
Clarkson University Graduate School;MS in Data Analytics;Nordamerika;USA;Potsdam;Aug;;;Master;Full-time;English;Campus;The Master of Science in Data Analytics program provides you with the skills to be an effective professional in a rapidly growing field. Upon completion, you will be able to i                                            ...                                                    +                        ;;;;;
Rome Business School;Master in Data Science;Europa;Italy;Rome;Apr;;;Master;Part-time;English;Campus;Data Science is the concept to unify statistics, data analysis, machine learning and understand analyze actual phenomena with data with a scope to increase business profitabil                                            ...                                                    +                        ;;;;;
edX;MicroMasters Program in Data Science (UC San Diego);Nordamerika;USA;Cambridge;Sep;10;;Master;Full-time;English;Online;Gain the critical skills needed to become a data scientist, rated one of the best jobs in America and in demand globally.                                    ;;;;;
edX;MicroMasters Program in Statistics and Data Science (Massachusetts Institute of Technology);Nordamerika;USA;Cambridge;;15;;Master;Full-time;English;Online;This MicroMasters program in Statistics and Data Science is comprised of four online courses and a virtually proctored exam that will provide you with the foundational knowled                                            ...                                                    +                        ;;;;;
edX;Online Master in Data Science (The University of California, San Diego);Nordamerika;USA;Cambridge;Sep;;;Master;Full-time;English;Online;UCSD’s Master of Data Science will give you the skills required to become a successful data scientist. Through a rigorous curriculum developed by the world’s topmost experts i                                            ...                                                    +                        ;;;;;
edX;Online Master in Analytics (Georgia Tech);Nordamerika;USA;Cambridge;Sep;;;Master;Full-time;English;Online;The Georgia Tech Online Master of Science in Analytics (OMS Analytics) is a multidisciplinary degree in collaboration with Georgia Tech’s College of Engineering, College of Co                                            ...                                                    +                        ;;;;;
edX;MicroMasters Program in Algorithms and Data Structures (The University of California, San Diego);Nordamerika;USA;Cambridge;;;14;Master;Full-time;English;Online;Master algorithmic programming techniques necessary for top software engineering professions.                                    ;;;;;
University of Applied Sciences Europe;B.Sc. Digital Business & Data Science;Europa;Germany;Berlin;;;;BABA;Full-time;Multiple;Campus;This study program is aimed specifically at students who are curious and have the creativity to imagine and the aspiration to learn and develop something new that impact the w                                            ...                                                    +                        ;;;;;
University of Applied Sciences Europe;B.Sc. Digital Business;Europa;Germany;Hamburg;;;;BScBSc;Full-time;German;Campus;"""Big Data"" and data analytics are the foundation for big business success for (global) companies like Google, Facebook or Amazon. With our degree program Digital Business                                    ";;;;;
École Polytechnique;Economics, Data Analytics and Corporate Finance Master;Europa;France;Palaiseau;Sep;24;;Master;Full-time;English;Campus;The Economics, Data Analytics and Corporate Finance program equips students with the quantitative methodology and real-world experience required for a thorough economic traini                                            ...                                                    +                        ;;;;;
École Polytechnique;MSc Data Science For Business (Double Degree with HEC);Europa;France;Palaiseau;Sep;24;;Master;Full-time;English;Campus;Ecole Polytechnique and our partner business school HEC Paris offer a new two-year joint graduate degree program in “Data Science for Business”. It aims at training students i                                            ...                                                    +                        ;;;;;
École Polytechnique;Internet of Things: Innovation and Management Program (IoT-IM) Master;Europa;France;Palaiseau;Sep;24;;Master;Full-time;English;Campus;The Internet of Things: Innovation and Management Program (IoT-IM) Graduate Degree is based on the Ecole Polytechnique’s trademark multidisciplinary approach and provides you                                             ...                                                    +                        ;;;;;
Thomas More University of Applied Sciences;Bachelor in Information Management and Multimedia - International Data Science, Protection & Security specialization;Europa;Belgium;Mechelen;Sep;36;;Bachelor;Full-time;English;Campus;Are you passionate about the newest digital tools that help make organizations more intelligent? Do you want to learn how to filter valuable information from a mass of data, h                                            ...                                                    +                        ;;;;;
European Leadership University;Master of Science in Data Science;Europa;Netherlands;Amsterdam;;;;Master;Online & Campus Combined;English;Online & Campus Combined;The Master in Data Science programme consists of 60 ECTS credits coursework with a final project. Our programmes are flexible and work-based: Study from anywhere in the world                                             ...                                                    +                        ;;;;;
UPES;BBA Analytics and Big Data;Asien;India;Dehradun;Jul;;;Bachelor;;;;BBA Analytics and Big Data                                    ;;;;;
Ulearn;BSc (Hons) Digital & Technology Solutions (Arden University);Europa;United Kingdom;Birmingham;Apr;;48;Bachelor;Online & Campus Combined;English;Online & Campus Combined;Arden University offers a degree designed to help you fulfil this business need. The BSc (Hons) Digital and Technology Solutions Degree has 3 different specialist pathways: So                                            ...                                                    +                        ;;;;;
Charles University Faculty of Mathematics and Physics;Master in Software and Data Engineering;Europa;Czech Republic;Prague;;24;;Master;Full-time;English;Campus;The study branch Software and Data Engineering aims at expertise in the analysis, design, and development of complex software solutions and systems focused on big data process                                            ...                                                    +                        ;;;;;
IGlobal University;MSc in Data Management and Analytics;Nordamerika;USA;Vienna;Sep;;;Master;Full-time;English;Campus;The Master of Science in Information Technology (MSIT) program is designed to prepare students for the knowledge and skills essential to lead and manage small to large corpora                                            ...                                                    +                        ;;;;;
QUB Faculty of Engineering and Physical Sciences (EPS);MSc in Data Analytics;Europa;United Kingdom;Belfast;;;;Master;Full-time;English;Campus;Data Analytics is an exciting field of rapid developments. Data is everywhere and continuing to grow massively, creating huge growth in demand for qualified experts to be able                                            ...                                                    +                        ;;;;;
Ural Federal University;Master in Practical Data Analysis;Asien;Russia;Yekaterinburg;Sep;24;;Master;Full-time;English;Campus;The program focuses on various applications of data science and data analysis. You will learn how to build artificial intelligence systems using state-of-the-art machine learn                                            ...                                                    +                        ;;;;;
The Chinese University of Hong Kong - Shenzhen;B.Sc. Statistics;China;China;Shenzhen;Sep;48;;Bachelor;Full-time;English;Campus;Technological developments have facilitated massive compilations of data in many fields. While this creates opportunities for application, the collection, analysis, and interp                                            ...                                                    +                        ;;;;;
IMF Business School;Master in Data Science and Business Analytics for Professionals;Europa;Spain;Madrid;;;;Master;Full-time;Spanish;Campus;IMF Business School , in collaboration with the Nebrija University, launches the Master in Data Science and Business Analytics for professionals. This program aims to provide                                             ...                                                    +                        ;;;;;
Harbour Space;Master of Data Science;Europa;Spain;Barcelona;;24;;Master;Full-time;English;Campus;The MSc Data Science program is designed for those who desire to deepen their comprehension of all aspects of the data sciences. Applicants could be graduates from other degre                                            ...                                                    +                        ;;;;;
EIT Digital Master School;Master in Data Science (DSC);Europa;Hungary;Budapest;Aug;24;;Master;Full-time;English;Campus;Data abounds. Social media, manufacturing systems, medical devices, logistic services, and countless others generate petabytes of data on a daily basis. With a wealth of data                                             ...                                                    +                        ;;;;;
UADIN Business School;Master in Training in Industry 4.0 and Digital Transformation;Europa;Spain;Online;Sep;;;Master;Full-time;Spanish;Online;In UADIN, University of Development and Innovation, together with UDIMA, the distance University of Madrid, we want to contribute with an Integral Training for Industry 4.0 an                                            ...                                                    +                        ;;;;;
University of London;MSc in Data Science;Europa;United Kingdom;London;Apr;;;Master;Full-time;English;Online;Learn how to apply technology to real-world data science problems and gain an in-depth understanding of emerging technologies, statistical analysis and computational technique                                            ...                                                    +                        ;;;;;
Bay Atlantic University - Washington, D.C.;Bachelor of Science in Data Science;Nordamerika;USA;Washington;May;48;;Bachelor;Full-time;English;Campus;BAU’s program in Data Science integrates scientific methods from statistics, computer science, and data-based business management to extract knowledge from data and drive deci                                            ...                                                    +                        ;;;;;
Data ScienceTech Institute;Applied MSc in Data Science & Artificial Intelligence;Europa;France;Biot;;;;Master;Online & Campus Combined;English;Online & Campus Combined;This 6-month of classes and 6-month internship Applied MSc program, with its two entries in Autumn and Spring, is designed to open your career to these Big Data Analytics jobs                                            ...                                                    +                        ;;;;;
Data ScienceTech Institute;Applied MSc in Data Engineering for Artificial Intelligence;Europa;France;Biot;;;;Master;Online & Campus Combined;English;Online & Campus Combined;This 6-month of classes and 6-month internship Applied MSc program, with its two entries in Autumn and Spring, is designed to open your career to these Big Data Engineering jo                                            ...                                                    +                        ;;;;;
Contemporary Technology University;Master of Science in Data Science;Nordamerika;USA;Palo Alto;Sep;;;Master;Online & Campus Combined;;Online & Campus Combined;Become a Data Scientist by mastering the skills to interpret data, formulate insights, and communicate your knowledge by applying machine learning, managing large data sets, a                                            ...                                                    +                        ;;;;;
EAE Business School International;Master in Big Data & Analytics;Europa;Spain;Barcelona;Oct;;;Master;Full-time;English;Campus;The Master in Big Data & Analytics is a program designed to cover the extensive business demand for data analysis. New technologies are changing the world as we know it. I                                            ...                                                    +                        ;;;;;
Northern Illinois University Online;Master of Science in Data Analytics;Nordamerika;USA;De Kalb;Jun;;;Master;Full-time;English;Online;Learn to use big data to form and implement effective strategies in a management role. Northern Illinois University's online, AACSB-accredited M.S. in Data Analytics program p                                            ...                                                    +                        ;;;;;
Arden Study Centre, Berlin;MSc Data Analytics and Information Systems Management;Europa;Germany;Berlin;Jun;;;Master;Full-time;English;Campus;Big Data is going to be worth $102bn by 2019 according to IDC research which means organisations will need skilled analysts to maximise the opportunities it has to offer. This                                            ...                                                    +                        ;;;;;
Arden Study Centre, Berlin;MSc Data Analytics and Marketing;Europa;Germany;Berlin;Jun;;;Master;Full-time;English;Campus;and interpreting large sets of data, with this programme delivered and awarded by Arden University. All of the content is approved by the Chartered Institute of Marketing (CIM                                            ...                                                    +                        ;;;;;
Utica College Online;Master of Science in Data Science: Cybersecurity;Nordamerika;USA;Utica;;;;Master;Part-time;English;Online;The Online MS in Data Science - Cybersecurity teaches students how to analyze and leverage big data to deliver innovative ideas and solutions in a variety of fields. Core cour                                            ...                                                    +                        ;;;;;
Utica College Online;Master of Science in Data Science: Financial Crime;Nordamerika;USA;Utica;;;;Master;Part-time;English;Online;The Online MS in Data Science – Financial Crime teaches students how to analyze and leverage big data to deliver innovative ideas and solutions in a variety of fields. Core co                                            ...                                                    +                        ;;;;;
Utica College Online;Master of Science in Data Science: Social Science Analytics;Nordamerika;USA;Utica;;;;Master;Part-time;English;Online;The Online MS in Data Science - Social Science Analytics teaches students how to analyze and leverage big data to deliver innovative ideas and solutions in a variety of fields                                            ...                                                    +                        ;;;;;
Utica College Online;Master of Science in Data Science;Nordamerika;USA;Utica;;;;Master;Part-time;English;Online;The Online MS in Data Science teaches students how to analyze and leverage big data to gain valuable insights that can lead to innovative ideas and solutions in a variety of f                                            ...                                                    +                        ;;;;;
Utica College Online;Master of Science in Data Science: Business Analytics;Nordamerika;USA;Utica;;;;Master;Part-time;English;Online;The Online MS in Data Science - Business Analytics teaches students how to analyze and leverage big data to deliver innovative ideas and solutions in a variety of fields. Core                                            ...                                                    +                        ;;;;;
XU University;Master of Science in Data Science (in planning);Europa;Germany;Potsdam;Oct;;36;Master;Full-time;Multiple;Campus;Which competencies and profiles are needed to form a successful team? And how does leadership even work today? Our master’s program in Data Science will not only give you answ                                            ...                                                    +                        ;;;;;
XU University;Bachelor of Science in Data Science;Europa;Germany;Potsdam;Oct;;48;Bachelor;Full-time;Multiple;Campus;In which sectors is machine learning being used today? Where does the potential lie for tomorrow and in the future? Not only does our bachelor’s program in Data Science provid                                            ...                                                    +                        ;;;;;
Северо-Кавказский федеральный университет;Master Data Management;Asien;Russia;Stavropol;Sep;24;;Master;Full-time;Multiple;Campus;Training in the master's program will allow you to learn: on the basis of system analysis, carry out a formalization of the subject area and an assessment of the complexity of                                            ...                                                    +                        ;;;;;
Северо-Кавказский федеральный университет;Master in Data Management;Asien;Russia;Stavropol;Sep;24;;Master;Full-time;Multiple;Campus;This Master's program is for training qualified specialists able to formalize subject areas and assess the complexity of designed and implemented information systems of data m                                            ...                                                    +                        ;;;;;
Saint Joseph University of Beirut;Master in Data Science;Asien;Lebanon;Beirut;Oct;;;Master;Full-time;English;Campus;We live in a data-driven world that’s generating huge volumes of information at ever-increasing rates, via social media, financial transactions, telecommunications, and even s                                            ...                                                    +                        ;;;;;
Thames Education Group Limited;MSc in Data-Driven Management;Europa;United Kingdom;London;;;;Master;Full-time;English;Campus;Would you like to apply data analysis tools and techniques to solve complex business problems? This programme helps you advance your career by teaching you how to communicate                                             ...                                                    +                        ;;;;;
Robert Kennedy College;Online MSc Data Analytics - University of Cumbria (UK);Europa;Switzerland;Zurich;;;;Master;Full-time;English;Online;The MSc Data Analytics is designed to accommodate a broad audience of learners whose particular pursuits in data analytics might be either technical or business-focused. The p                                            ...                                                    +                        ;;;;;
Noroff School of Technology and Digital Media;Bachelor in Applied Data Science (Online and On-Campus);Europa;Norway;Oslo;Aug;36;;Bachelor;Full-time;English;Campus;IT education focusing on the growing global need for big data analytics. Applied Data Science teaches you scientific methods for working with data in a practical and relevant                                             ...                                                    +                        ;;;;;
Rochester Institute of Technology (RIT);Master of Science in Data Science;Nordamerika;USA;Rochester;Aug;24;;Master;Full-time;English;Campus;Demand is high for professionals skilled in both analytics and computing. Enhance your skillset by learning to manage large-scale data sets in this highly applied program.                                    ;;;;;
IUBH Online;Master of Science in Data Science;Europa;Germany;Bad Honnef;;;;Master;Full-time;English;Online;Innovation springs from bright minds - our international Master program puts you into the driver seat of your future career in Data Science. Graduates from our courses go to b                                            ...                                                    +                        ;;;;;
Mercy College;Master in Computer Science;Nordamerika;USA;Dobbs Ferry;;;;Master;Online & Campus Combined;English;Online & Campus Combined;The Master of Science (M.S.) degree in Computer Science (CS) provides an innovative curriculum involving two specializations – Software Development and Data Science.                                    ;;;;;
S P Jain School of Global Management Singapore;Bachelor of Data Science;Australia;Australia;Sydney;Jan;36;;Bachelor;Full-time;English;Campus;90 percent of data in the world today has been created in the last 2 years alone.                                    ;;;;;
Высшая школа экономики;Online Master of Data Science;Asien;Russia;Moscow;Mar;24;;Master;Full-time;English;Campus;Russia's first English-taught Master's programme which is implemented entirely online on Coursera learning platform. This programme aims to train highly qualified specialists                                             ...                                                    +                        ;;;;;
IESEG School of Management Lille - Paris;Master of Science in Big Data Analytics for Business;Europa;France;Lille;Sep;;;Master;Full-time;English;Campus;Join our MSc in Big Data Analytics for Business: a one-year program completely taught in English at one of the top business schools in France on our Lille campus.                                    ;;;;;
ELISAVA Barcelona School of Design and Engineering;Master in Data and Design;Europa;Spain;Barcelona;Sep;;;Master;Full-time;English;Campus;How can we make information transcendent for humans? In the Master in Data and Design you will learn to design the way of understanding the world. The Master in Data and Desig                                            ...                                                    +                        ;;;;;
