Land,Stadt,Start,Laufzeit [Typ],"Laufzeit [min,m]","Laufzeit [max,m]",Schule-1,rank_overall,rank_presence,rank_impact,rank_open,rank_excellence,Studiengang,Schule,Beschreibung,Abschluss,Modus,Sprache,Unterrichtstyp
Hong Kong,Kowloon Tong,Sep,years,48,,City University of Hong Kong,186,648,298,159,166,Bachelor of Engineering in Computer and Data Engineering,City University of Hong Kong,We aim to provide students with a strong foundation and broad skills in the computer and data technologies. Students will be equipped with the theoretical and practical aspect                                            ...                                                    +                        ,Bachelor,Full-time,English,Campus
Hong Kong,Kowloon Tong,Sep,years,48,,City University of Hong Kong,186,648,298,159,166,Bachelor of Science in Data Science,City University of Hong Kong,"This major is to provide graduates in data science with essential training of quantitative knowledge, statistical theory, data mining technology and computing tools for the ef                                            ...                                                    +                        ",Bachelor,Full-time,English,Campus
Hong Kong,Kowloon Tong,Sep,years,48,,City University of Hong Kong,186,648,298,159,166,Bachelor of Engineering in Data and Systems Engineering,City University of Hong Kong,"This major aims at equipping students with strong analytical and decision-making skills in analyzing, managing, and improving nowadays enterprise-class systems via offering so                                            ...                                                    +                        ",Bachelor,Full-time,English,Campus
Australia,Brisbane,,years,24,,Queensland University of Technology,208,579,231,195,254,Master of Data Analytics,Queensland University of Technology,Develop data analytics skills that will future focus your career with a Master of Data Analytics degree that turns data into insight and intelligence.                                    ,Master,Full-time,English,Campus
United Kingdom,Claverton Down,,years,24,,University of Bath,316,987,276,283,413,MSc Data Science (with Placement Year),University of Bath,Data science drives a significant proportion of global economic activity and is influencing scientific progress across numerous fields. This course provides you with the tools                                            ...                                                    +                        ,Master,Full-time,English,Campus
Australia,Adelaide,,years,24,,University of South Australia,379,1749,494,326,370,Master of Data Science,University of South Australia,"The Master of Data Science gives you current knowledge of data science techniques and research. It caters for students with a mathematics or an IT background, with courses tai                                            ...                                                    +                        ",Master,Full-time,English,Campus
United Kingdom,Swansea,Sep,,,,Swansea University,523,3496,706,376,535,MSc in Data Science,Swansea University,The MSc in Data Science gives you a solid grounding in data science concepts and technologies for extracting information and constructing knowledge from data.                                    ,Master,Full-time,English,Campus
USA,Newark,Sep,,,,New Jersey Institute of Technology,556,2050,486,420,808,Master of Science in Data Science,New Jersey Institute of Technology,As data accumulates across broad sectors of industry and academia we see a need for data scientists equipped with skills to assist with data-based decision making. For example                                            ...                                                    +                        ,Master,,English,Campus
United Kingdom,Stirling,Sep,months,,,University of Stirling,595,2008,594,490,789,BSc (Hons) Data Science,University of Stirling,This BSc (Hons) Data Science will give you an in-depth awareness and appreciation of the underlying computing and mathematical principles driving data science technologies. It                                            ...                                                    +                        ,Bachelor,Full-time,English,Campus
United Kingdom,Stirling,Sep,months,,,University of Stirling,595,2008,594,490,789,MSc in Finance and Data Analytics,University of Stirling,"As the modern financial industry increasingly turns to big data to inform investment decisions, there is a growing demand for professionals with a specialisation in data analy                                            ...                                                    +                        ",Master,Full-time,English,Campus
United Kingdom,Stirling,Sep,months,,,University of Stirling,595,2008,594,490,789,MSc in Data Science for Business (Online),University of Stirling,Take your place on the cutting edge of today’s evolving business landscape with our online MSc in Data Science for Business. The course equips you to become a data-driven lead                                            ...                                                    +                        ,Master,Part-time,English,Online
United Kingdom,Manchester,Sep,,,,Manchester Metropolitan University,637,1701,543,657,909,MSc in Data Science,Manchester Metropolitan University,"Data can provide the insight to shape decision-making, power scientific innovation, improve business operations or inform government policy. But it takes state-of-the-art comp                                            ...                                                    +                        ",Master,Full-time,English,Campus
United Kingdom,Manchester,Sep,,,,Manchester Metropolitan University,637,1701,543,657,909,MSc in Data Analytics,Manchester Metropolitan University,"Data is everywhere. With the advance in digital and computing technology, our ability to collect and store information has grown exponentially. But so has our capacity to anal                                            ...                                                    +                        ",Master,Full-time,English,Campus
,Singapore,,months,,,Singapore Management University,803,680,1027,639,1013,MSc in Accounting (Data and Analytics),Singapore Management University,"The MSA program is the first specialized Master’s degree in accounting data and analytics in Asia. Unlike any other postgraduate analytics program, the MSA’s data and analytic                                            ...                                                    +                        ",Master,Full-time,English,Campus
,,,,,,The New School,871,2276,272,1210,1956,Data Visualization (MS),The New School,"Parsons’ Master of Science in Data Visualization is a multidisciplinary program in which students develop skills bringing together visual design, computer science, statistical                                            ...                                                    +                        ",Master,Full-time,English,Campus
USA,Charleston,Jun,years,,36,College of Charleston,952,1456,581,1122,1747,"Data Science and Analytics, M.S.",College of Charleston,"Graduates of this degree program will master the following core skills: Data Modeling, Data Wrangling, Experimental Design, Statistics, Optimization, Machine Learning, and Dat                                            ...                                                    +                        ",Master,Full-time,English,Campus
United Kingdom,Bradford,Sep,months,,,University of Bradford,975,2585,1436,730,1147,"MSc in Logistics, Data Analytics and Supply Chain Management",University of Bradford,"Our new Master’s programme in Logistics, Data Analytics and Supply Chain Management is designed for those considering broadening their knowledge beyond their existing discipli                                            ...                                                    +                        ",Master,Full-time,English,Campus
United Kingdom,Bradford,Sep,,,,University of Bradford,975,2585,1436,730,1147,MSc in Big Data Science and Technology,University of Bradford,"This programme will deepen your understanding of advanced software development, systems for big data analytics, statistical data analysis, data mining, data privacy and securi                                            ...                                                    +                        ",Master,Full-time,English,Campus
United Kingdom,London,,,,,University of Westminster,980,2491,904,1229,1398,"MA in Data, Culture and Society",University of Westminster,We live in an age where almost everything of what we do is connected to data. Big data and datafication - the increasing transformation of multiple aspects of everyday lives i                                            ...                                                    +                        ,Master,Full-time,English,Campus
Canada,Charlottetown,,years,48,,University of Prince Edward Island,1452,3231,1510,1366,2025,BSc in Analytics,University of Prince Edward Island,"Analytics is situated at the confluence of statistics, computer science and mathematics all centered on finding, interpreting and presenting meaningful patterns in data. We of                                            ...                                                    +                        ",Bachelor,,English,Campus
USA,Evansville,Aug,years,48,,University of Evansville,1955,4986,889,3171,3333,Bachelor of Science in Statistics and Data Science,University of Evansville,UE’s program in statistics and data science combines state-of-the-art tools and techniques from the field of data science with a mathematically rigorous tradition of classical                                            ...                                                    +                        ,Bachelor,Full-time,English,Campus
USA,,Aug,years,,576,University of New Haven,1959,5211,1827,1803,2863,MSc in Data Science,University of New Haven,"The Master of Science in data science prepares students for positions in the exploding new fields of data analytics, big data, and data science. The program combines fundament                                            ...                                                    +                        ",Master,Full-time,English,Campus
USA,Philadelphia,Sep,years,48,,University of the Sciences in Philadelphia,2282,8880,3500,2870,2438,BS in Data Science,University of the Sciences in Philadelphia,"The USciences Data Science bachelor’s program provides you with the knowledge, skills, and technical foundation to make sense of an avalanche of data, unlock scientific insigh                                            ...                                                    +                        ",Bachelor,Full-time,English,Campus
Mauritius,Réduit,Aug,years,,60,University of Mauritius,2356,2021,5795,2205,2118,Bachelor (Hons) in Data Science,University of Mauritius,Data Science is a rapidly growing and interdisciplinary field that consists of extracting knowledge and insights from data to help understand a problem area and make decisions                                            ...                                                    +                        ,Bachelor,Full-time,English,Campus
Cyprus,Nicosia,,years,48,,European University Cyprus,2564,1539,5235,1985,2754,Bachelor of Science in Computer Science,European University Cyprus,"The Computer Science program covers the foundations of the field in theory and practice, including the interaction between hardware and software, the human-computer interface,                                            ...                                                    +                        ",Bachelor,Full-time,English,Campus
USA,Delaware,Sep,,,,Ohio Wesleyan University,2616,5082,1100,4659,4031,Bachelor in Data Analytics,Ohio Wesleyan University,"Data analytics is a rapidly growing profession across a wide range of fields, including finance, healthcare, insurance, biomedical research, computer science, marketing, and m                                            ...                                                    +                        ",Bachelor,Full-time,English,Campus
Armenia,Yerevan,Sep,years,48,,Yerevan State University,2630,894,4848,2363,2973,Bachelor of Science in Applied Statistics and Data Science,Yerevan State University,"The 21st Century has brought new challenges in the analysis of data, and it is increasingly apparent that solutions to these are both statistical and computational. This has l                                            ...                                                    +                        ",Bachelor,Full-time,English,Campus
USA,Ada,Aug,years,48,,Ohio Northern University,3182,6362,1451,7356,3600,Bachelor Data Analytics,Ohio Northern University,"Big data drives the future. Prepare for this fast-growing field by majoring in data analytics at O.N.U. You’ll learn how to capture, store and analyze large data sets. And, yo                                            ...                                                    +                        ",Bachelor,Full-time,English,Campus
USA,Edinboro,Aug,years,48,,Edinboro University,3522,5738,1764,5128,4882,Bachelor of Science in Data Analytics,Edinboro University,"Big data is big business. Nearly every industry in the world today relies on tech-savvy individuals to capture and analyze data. Yet, there is a shortage of data scientists. E                                            ...                                                    +                        ",Bachelor,Full-time,English,Campus
USA,Madison,Aug,years,24,,Drew University,3871,4170,9516,3333,3718,Master of Science in Data Analytics,Drew University,"The digitization of information—social networks, business transactions, healthcare records and more—has transformed the world, necessitating a demand for people who understand                                            ...                                                    +                        ",Master,Full-time,English,Campus
USA,Worcester,Sep,years,48,,Assumption College,4206,8799,1618,2843,6084,Bachelor in Data Analytics,Assumption College,"Data is the basic raw material of the 21st Century. Industry, government and NGO’s can now know more about us than ever before in human history: what we buy, what we read, wha                                            ...                                                    +                        ",Bachelor,Full-time,English,Campus
USA,Erie,Sep,years,24,,Mercyhurst University,4599,6566,1812,5389,6084,Master of Science in Applied Intelligence,Mercyhurst University,"This degree provides students with the educational foundation necessary to succeed as intelligence analysts in federal national security agencies, private defense contractors,                                            ...                                                    +                        ",Master,Full-time,English,Campus
USA,Erie,Sep,years,24,,Mercyhurst University,4599,6566,1812,5389,6084,Master of Science in Data Science,Mercyhurst University,"The data science master's degree program educates students to collect, analyze, visualize, and communicate actionable insights for data-driven business decisions. A master's d                                            ...                                                    +                        ",Master,Full-time,English,Campus
Philippines,Makati,,months,,,Asian Institute of Management,5065,13956,6945,5239,5178,Master of Science in Data Science (MSDS),Asian Institute of Management,"A four-term, 14-month full-time program which includes 10-core data science modules and 15 business and or management modules, with 2 electives and 1 capstone project that req                                            ...                                                    +                        ",Master,Full-time,English,Campus
USA,Henniker,,,,,New England College,5435,5138,1909,7356,6084,Master of Science in Data Analytics and Business Statistics,New England College,"With the growth of the digital age businesses and organizations have had access to unprecedented amounts of data. In order to turn this data into a competitive advantage, busi                                            ...                                                    +                        ",Master,Full-time,English,Campus
Saudi Arabia,Riyadh,Sep,semesters,,,Princess Nourah Bint Abdulrahman University,5667,8003,6610,2964,6084,MSc in Computing (Data Analytics),Princess Nourah Bint Abdulrahman University,"This program opens up opportunities for students who envision to shine in their career prospect in data analytics in acquiring in-depth skills and knowledge to analyze, proces                                            ...                                                    +                        ",Master,Full-time,English,Campus
USA,Buffalo,May,years,48,,Medaille College,5678,10973,2069,7356,6084,Bachelor in Applied Mathematics,Medaille College,"Students will complete a program that is anchored by fundamentals of computing, programming, databases, data mining, financial risk, and analysis, which is the root of study f                                            ...                                                    +                        ",Bachelor,Full-time,English,Campus
France,Montpellier,Sep,months,,,Montpellier Business School,5879,10375,6710,3292,6084,MSc in Digital Transformation,Montpellier Business School,"Through this program, you will understand and consider the effects of the digital revolution. The lectures, seminars and case studies all along the year will give you the tool                                            ...                                                    +                        ",Master,Full-time,English,Campus
USA,Morristown,Sep,months,,,College of Saint Elizabeth,5890,11751,2323,7356,6084,MS in Data Analytics,College of Saint Elizabeth,The Master of Science in Data Analytics Program at CSE will prepare graduates with the knowledge and skill set necessary to become analytics and data science professionals. Th                                            ...                                                    +                        ,Master,Part-time,,Campus
United Kingdom,Coventry,Apr,months,,,Arden University,9654,17587,6914,7356,6084,MSc Data Analytics and Enterprise Architecture,Arden University,Getting ahead of change is essential in this rapidly evolving technological environment. The online MSc Data Analytics and Enterprise Architecture programme from Arden Univers                                            ...                                                    +                        ,Master,Full-time,English,Online
United Kingdom,Coventry,Apr,months,,,Arden University,9654,17587,6914,7356,6084,MSc Data Analytics & Human Resource Management,Arden University,"The modern workplace relies on data, and those with the skills to handle and interpret an organisation’s data are in high demand. This MSc Data Analytics & Human Resource                                             ...                                                    +                        ",Master,Full-time,English,Online
United Kingdom,Coventry,Apr,months,,,Arden University,9654,17587,6914,7356,6084,MSc Data Analytics & Project Management,Arden University,"The modern workplace relies on data, and those with the skills to handle and interpret an organisation’s data are in high demand. This MSc Data Analytics & Project Managem                                            ...                                                    +                        ",Master,Full-time,English,Online
United Kingdom,London,,months,,,,,,,,,MSc in Data Science,City University of London,"Data science is an emerging new area of science. With City’s MSc in Data Science, you can develop the skills and knowledge to analyse data in many forms and communicate insigh                                            ...                                                    +                        ",Master,Full-time,English,Campus
Botswana,Palapye,Feb,,,,,,,,,,BSc Information Systems & Data Management,Botswana International University Of Science And Technology,"This scientific discipline addresses the range of strategic, managerial, and operational activities involved in the gathering, processing, storing, distributing, and use of in                                            ...                                                    +                        ",Bachelor,,English,Campus
Botswana,Palapye,Feb,,,,,,,,,,MSc Information Systems & Data Management,Botswana International University Of Science And Technology,MSc Thesis Research in Information Systems & Data Management                                    ,Master,,English,Campus
Sweden,Borlänge,Sep,years,24,,,,,,,,Master in Data Science,Högskolan Dalarna,Harness the power of data analytics to solve the practical problems of companies and organizations worldwide.                                    ,Master,Full-time,English,Campus
France,Paris,,,,,,,,,,,International Bachelor Modelling and Data Science for a changing World,University Paris Seine,"Data science, cybersecurity, economic and financial engineering, artificial intelligence, quantum technologies… are all great challenges which companies face today and which r                                            ...                                                    +                        ",Bachelor,Full-time,English,Campus
France,Nantes,Sep,,,,,,,,,,Master in Data Science,Université de Nantes,"Through this program, students will acquire the scientific and technological skills towards a data scientist profile within a computer science degree.                                    ",Master,Full-time,English,Campus
Czech Republic,Ostrava,Sep,years,24,,,,,,,,Master in Industry 4.0,VSB - Technical University of Ostrava,Study program Industry 4.0 is a new and prospective study program that connects Computer Science and Cybernetics into a unique form. Students will be introduced into new trend                                            ...                                                    +                        ,Master,Full-time,English,Campus
Belgium,Ghent,Sep,,,,,,,,,,Master of Science in Statistical Data Analysis,Ghent University - Faculty of Sciences,Increasing computer power and the professional need to extract objective information from observed data have led to complex databases. Statistical science has become a broad d                                            ...                                                    +                        ,Master,,English,Campus
Sweden,Malmö,Aug,years,24,,,,,,,,Master in Computer Science: Applied Data Science,Malmö University,This interdisciplinary two-year master’s program will provide you with an understanding of the state-of-the-art methods and algorithms of data science through hands-on experie                                            ...                                                    +                        ,Master,Full-time,English,Campus
United Kingdom,Edinburgh,,,,,,,,,,,Edinburgh Napier University Online Masters in Data Science (MSc),Stafford -  Edinburgh Napier University,"The Online Masters in Data Science from Edinburgh Napier University UK teaches critical data tools and techniques, using live data and software to teach how to mine, report an                                            ...                                                    +                        ",Master,Part-time,English,Online
Australia,Online,Jan,months,,,,,,,,,Online Master of Data Science,James Cook University Online,"Are you looking to leverage expert knowledge of data science to propel your career in business or research? James Cook University’s Master of Data Science is an innovative, fu                                            ...                                                    +                        ",Master,Part-time,English,Online
France,Paris,Sep,months,,,,,,,,,MSc in Digital Marketing & Data Science,emlyon business school,"The MSc in Digital Marketing & Data Science pedagogy uniquely combines a strong academic background in business studies, marketing, data analysis and strategy with an in‐d                                            ...                                                    +                        ",Master,Full-time,English,Campus
Serbia,Belgrade,,years,48,,,,,,,,Bachelor in Software and Data Engineering,Singidunum University,"Our Software and Data Engineering study program is precisely tailored to educate young people for these professional roles. Initially, we have reviewed hundreds of job descrip                                            ...                                                    +                        ",Bachelor,Full-time,Multiple,Campus
USA,Romeoville,Sep,years,24,,,,,,,,MS in Data Science - Computational Biology and Bioinformatics,Lewis University Online,Customize your online MS in Data Science degree with a concentration in Computational Biology and Bioinformatics. This concentration looks at data analysis from the perspectiv                                            ...                                                    +                        ,Master,Part-time,English,Online
USA,Romeoville,Sep,years,24,,,,,,,,MS in Data Science,Lewis University Online,Discover the meaning within big data with an online MS in Data Science. Customize your education and choose from 2 concentration options in Computational Biology & Bioinfo                                            ...                                                    +                        ,Master,Part-time,English,Online
USA,Romeoville,Sep,years,24,,,,,,,,MS in Data Science - Computer Science,Lewis University Online,Customize your online MS in Data Science degree with a concentration in Computer Science. This concentration approaches data analysis from a programming perspective and prepar                                            ...                                                    +                        ,Master,Part-time,English,Online
Serbia,Belgrade,,semesters,,,,,,,,,Master in Data Science,Singidunum University,"The Data Science study program is a unique master’s degree program in Serbia, on a par with the best quality programs in Europe and the world. This program is thought in the S                                            ...                                                    +                        ",Master,Full-time,Multiple,Campus
Spain,Logroño,,,,,,,,,,,Master's Degree in Big Data Analysis and Visualization / Visual Analytics & Big Data,UNIR,"The Master in Big Data online will train you as a professional of BIG DATA, one of the most demanded professions in 2018 according to the Wanted of the Adecco Group, capable o                                            ...                                                    +                        ",Master,Part-time,Spanish,Online
Italy,Milan,,,,,,,,,,,Online Accredited Master in Machine Learning and Data Analysis at € 199 instead of € 1000 [Last 3 places available],Life Learning,This master has only one focus: to enable those who follow it to use the Machine Learning in R. Everything then orbits around the goal of allowing students to realize their mo                                            ...                                                    +                        ,Master,Full-time,Italian,Online
Austria,Kremsander Donau,Sep,semesters,,,,,,,,,Bachelor Informatics,IMC University of Applied Sciences Krems,"The internet of things, Industry 4.0 and social media; data mining and machine learning; the exponential growth in storage capacity and increase in cloud-based processing powe                                            ...                                                    +                        ",Bachelor,Full-time,English,Campus
Finland,Espoo,Aug,years,36,,,,,,,,Bachelor of Science in Science and Technology (SCI) - Data Science,Aalto University,Data science gives you the foundations to become a top-level expert in the modern knowledge society. You will obtain the required skills to solve real-world problems using met                                            ...                                                    +                        ,Bachelor,Full-time,English,Campus
Finland,Espoo,,years,24,,,,,,,,"Master of Science in Computer, Communication and Information Sciences - Machine Learning, Data Science and Artificial Intelligence",Aalto University,Machine learning is one of the strong points of Aalto University. This solid education in modern computational data analysis gives you excellent opportunities for a career in                                             ...                                                    +                        ,Master,Full-time,Multiple,Campus
Spain,A Coruña,Sep,,,,,,,,,,Master's Degree in Development Applications and Relational Data,PC Carrier,"Programmers are undoubtedly the most demanded professionals in the ICT sector. With this Master's we teach from 0 to carry out the automation, creation of applications and sol                                            ...                                                    +                        ",Master,Online & Campus Combined,Spanish,Online & Campus Combined
Switzerland,Lugano,Sep,semesters,,,,,,,,,Master of Science in Software and Data Engineering (MSDE),USI Università della Svizzera italiana,"MSDE is a unique opportunity for students to become highly qualified, software and data engineers able to effectively deal with the increasing complexity of modern software sy                                            ...                                                    +                        ",Master,Full-time,English,Campus
Switzerland,Lugano,Sep,semesters,,,,,,,,,Master of Science in Computational Science,USI Università della Svizzera italiana,The Master of Science degree in Computational Science (MCS) at the Università della Svizzera Italiana (USI) offers students the opportunity to acquire an in-depth understandin                                            ...                                                    +                        ,Master,Full-time,English,Campus
Spain,Barcelona,May,months,,,,,,,,,Master in Big Data and Analytics,OBS Business School,"The Master in Big Data and Analytics was born as a result of the union between the extensive experience in training and research, in the field of technology, which characteriz                                            ...                                                    +                        ",Master,Full-time,Spanish,Online
Hungary,Budapest,Feb,years,24,,,,,,,,MSc in Computer Science - Data Science,Eötvös Loránd University,The goal of this program is to train Computer Scientist with a professional knowledge-based on solid theoretical background knowledge. They have the skills to take part in pro                                            ...                                                    +                        ,Master,Full-time,English,Campus
Germany,Saarbrücken,,semesters,,,,,,,,,Master in Data Science and Artificial Intelligence,Saarland University,"Do you want to help shape the digital future, maybe even make an important contribution to society? Then the Master’s program in Data Science and Artificial Intelligence (DSAI                                            ...                                                    +                        ",Master,Full-time,English,Campus
Czech Republic,Prague,Sep,years,24,,,,,,,,Master in Economic Data Analysis,University of Economics Prague - Faculty of Informatics and Statistics,The aim of this master program is to provide students with knowledge and abilities in the area of economic data analysis. This are covers many topics related to data acquisiti                                            ...                                                    +                        ,Master,Full-time,English,Campus
Germany,Offenburg,,semesters,,,,,,,,,Master in Renewable Energy and Data Engineering (RED),Offenburg University,"Get ready for shaping the future energy sector! The energy sector is facing huge challenges: Growing energy demand, more distributed and renewable energy sources, less central                                            ...                                                    +                        ",Master,Full-time,Multiple,Campus
Germany,Frankfurt,Aug,semesters,,,,,,,,,Master in Applied Data Science (MSc),Frankfurt School of Finance & Management,The MSc in Applied Data Science is a response to the demand from across different industries for business-savvy data scientists with the collaborative skills to match. This 4-                                            ...                                                    +                        ,Master,Full-time,English,Campus
USA,Oklahoma City,Sep,years,48,,,,,,,,Bachelor of Data Science,McGovern Education Group,"A Bachelor of Data Science is a four-year degree in data science, an interdisciplinary field that uses scientific methods, processes, algorithms, and systems to extract knowle                                            ...                                                    +                        ",Bachelor,Full-time,English,Campus
USA,Oklahoma City,Sep,,,,,,,,,,Master of Data Science,McGovern Education Group,"The Master of Data Science is a master’s degree in data science, an interdisciplinary field that uses scientific methods, processes, algorithms, and systems to extract knowled                                            ...                                                    +                        ",Master,Full-time,English,Campus
Spain,Barcelona,,hours,5,,,,,,,,Master in Business Intelligence and Data Science,Innovation & Entrepreneurship Business School,In this Master in Business Intelligence and Data Science you will learn in a practical way to use all the tools that Big Data and Business Intelligence provide us to make stra                                            ...                                                    +                        ,Master,Part-time,Spanish,Online
USA,Chicago,Aug,years,24,,,,,,,,Master of Science in Civic Analytics,University of Illinois at Chicago College of Urban Planning and Public Affairs,The Master of Science in Civic Analytics is a first of its kind degree that combines study in civic technology and data analytics for those in the government and nonprofit sec                                            ...                                                    +                        ,Master,Full-time,English,Campus
Switzerland,Wädenswil,Sep,semesters,,42,,,,,,,Master of Science (MSc) in Applied Computational Life Sciences,ZHAW School of Life Sciences And Facility Management,"There is a growing need for experts who have specific knowledge in a scientific discipline combined with skills in data science, modeling, and computation. Programming, Algori                                            ...                                                    +                        ",Master,Full-time,English,Campus
Italy,Padua,Oct,years,24,,,,,,,,Master of Science in Physics of Data,University of Padova,The Master’s degree provides new theoretical and computational tools to tackle the explosion of datasets within the physicist mindset. It combines advanced knowledge in the fi                                            ...                                                    +                        ,Master,Full-time,English,Campus
Italy,Padua,Oct,years,24,,,,,,,,Master of Science in Data Science,University of Padova,The Master’s degree intends to build data scientists whose solid technical background is complemented by a multidisciplinary preparation on various fields in which big data em                                            ...                                                    +                        ,Master,Full-time,English,Campus
France,Biot,,semesters,,,,,,,,,Master in Internet of Things (IoT),EURECOM,"The Internet of Things (IoT) represents a new stage in the digital revolution, fully contributing to the construction of a digital society. Several sectors of the digital soci                                            ...                                                    +                        ",Master,Full-time,English,Campus
France,Biot,,semesters,,,,,,,,,Master in Data Science and Engineering,EURECOM,"The ""Big Data"" phenomenon is rooted in the field of data science and engineering, which aims at developing both computer and mathematical tools for data storage and processing                                            ...                                                    +                        ",Master,Full-time,English,Campus
Italy,Genoa,,years,24,,,,,,,,Master of Science in Computer Science,University Of Genoa (Università Degli Studi Di Genova),The Master of Science in Computer Science is centered on Data Science & Engineering. The backbone of the program is constituted by three core units on advanced data manage                                            ...                                                    +                        ,Master,Full-time,English,Campus
USA,Louisville,Aug,years,24,,,,,,,,MS in Health Data Analytics,University of Louisville - School of Public Health and Information Sciences,The Department of Health Management and Systems Sciences views health data analytics as to the wave of the future in public health and medicine. We recognize the need to educa                                            ...                                                    +                        ,Master,Full-time,English,Campus
Malaysia,Kuala Lumpur,Jan,months,,,,,,,,,MSc in Data Science and Business Analytics,Asia Pacific University of Technology & Innovation (APU),"This programme is designed to provide students with the knowledge and applied skills in data science, big data analytics and business intelligence. It aims to develop analytic                                            ...                                                    +                        ",Master,Full-time,English,Campus
Germany,Bremen,,years,24,,,,,,,,MSc in Data Engineering,Jacobs University,"Data engineering is an emerging profession concerned with big data approaches to data acquisition, data management, and data analysis. The MSc program at Jacobs University off                                            ...                                                    +                        ",Master,Full-time,English,Campus
France,Rennes,Sep,semesters,,,,,,,,,MSc in Statistics for Smart Data,ENSAI: National School for Statistics and Information Analysis,"ENSAI is taking advantage of its accreditation renewal to revamp the Master of Science in Big Data program to shift its focus to Smart Data. As a result, the existing program                                             ...                                                    +                        ",Master,Full-time,English,Campus
Spain,Madrid,Sep,years,,36,,,,,,,Official Master's Degree in Telecommunications Engineering + Master in Big Data Technologies and Advanced Analytics,Universidad Pontificia Comillas ICAI,What is the Official Master's Degree in Telecommunications Engineering + Master in Big Data Technologies and Advanced Analytics?This program aims to train the new proffesional                                            ...                                                    +                        ,Master,Full-time,"Spanian,English",Campus
United Kingdom,Holborn,,years,36,,,,,,,,Online BSc Data Science and Business Analytics,The London School of Economics and Political Science,Start or continue your bachelor’s online with the University of London. Academic direction from LSE ranked #2 in the world for social sciences and management. Complete in as f                                            ...                                                    +                        ,Bachelor,Full-time,English,Online
Spain,Barcelona,,weeks,4,,,,,,,,Intensive Master in Data Science,Nuclio Digital School,Developed a state-of-the-art curriculum and expert instructors for our 16-week full-time immersion program                                    ,Master,Part-time,Spanish,Campus
Spain,Madrid,Oct,months,,,,,,,,,Master in Big Data Management,ESIC Business & Marketing School,"The Master in Big Data Management is designed to provide a deep and transversal view of Big Data, specializing in the technologies used for the processing and design of data a                                            ...                                                    +                        ",Master,Full-time,Spanish,Campus
France,Brest,Sep,years,24,,,,,,,,MSc in Information Technologies - Track in Data Science (DS),IMT Atlantique,"This MSc program is aimed at future experts in the design of high-performance support systems for data mining, knowledge extraction, and decision aiding.                                    ",Master,Full-time,Multiple,Campus
United Kingdom,London,Sep,months,,,,,,,,,MSc Cyber Security and Data Governance,The University of Law Business School Postgraduate,"The MSc Cyber Security and Data Governance course focuses on a combination of technology, business and policy. It is ideal for students who have an interest in developing an i                                            ...                                                    +                        ",Master,Full-time,English,Campus
Australia,Crawley,Jan,months,,,,,,,,,Master of Data Science,The University of Western Australia,Gain the skills to tackle big data challenges and compete in the digital realm.                                    ,Master,Full-time,English,Campus
France,Paris,Sep,,,,,,,,,,Master of Science (M.Sc In) Data Science and Business Analysis,EDC Paris Business School,"Our course philosophy is to educate young professionals to become leaders with an entrepreneurial spirit through a focus on business development, new venture creation, transdi                                            ...                                                    +                        ",Master,Full-time,Multiple,Campus
Spain,Zaragoza,,months,,,,,,,,,Master in Data Science,CESTE Business School,"The Master aims to prepare professionals with a high command of the competencies associated with information technologies, experts in cutting-edge technologies in the market,                                             ...                                                    +                        ",Master,Part-time,Spanish,Campus
Germany,Berlin,Apr,,,,,,,,,,MSc Cyber Security and Data Governance,GISMA ULaw,"The MSc in Cyber Security and Data Governance Security will teach you about today’s digital world. Through a core focus on critical problem-solving skills, the programme will                                             ...                                                    +                        ",Master,Full-time,English,Campus
USA,Fort Lauderdale,May,months,,,,,,,,,Master of Science in Computer Science Data Analytics,"Nova Southeastern University, College of Computing and Engineering",The Master of Science in Data Analytics is a 30 credit-hour degree program at Nova Southeastern University's College of Computing and Engineering. Offered online and on-campus                                            ...                                                    +                        ,Master,Full-time,English,Campus
Poland,Wrocław,Oct,years,24,,,,,,,,Master in Data Science,University of Wroclaw,"Our master's program is a unique combination of solid mathematical background and computer science applications. Not only will you learn how to use tools, such as deep neural                                             ...                                                    +                        ",Master,Full-time,English,Campus
USA,Medford,Aug,,,,,,,,,,MSc in Data Science,Tufts University - School of Engineering,The M.S. in Data Science is offered jointly by the departments of Computer Science and Electrical and Computer Engineering.                                    ,Master,Full-time,English,Campus
Italy,Milan,,years,24,,,,,,,,MSc in Data Science and Business Analytics,University Bocconi,"This MSc is designed for students having a strong bent for Computational, Statistical, and Mathematical Sciences and a genuine interest in working with data. Students will be                                             ...                                                    +                        ",Master,Full-time,English,Campus
USA,Albuquerque,Apr,years,24,,,,,,,,MSCS - Security Analyst specialization,EC-Council University,The Security Analyst specialization focuses on testing methods and techniques to effectively identify and mitigate risks to the security of a company’s infrastructure while pr                                            ...                                                    +                        ,Master,Full-time,English,Online
Australia,Perth,,years,24,,,,,,,,Master of Predictive Analytics,Curtin University,This course addresses the growing demand for data analysts and scientists that have the right blend of technical and analytical skills to meet big data analytics challenges. I                                            ...                                                    +                        ,Master,Full-time,English,Campus
Russia,Moscow,Sep,years,24,,,,,,,,Master of Science in Data Science,The Skolkovo Institute of Science and Technology (Skoltech),Data scientists are going to be among the most demanded specialists on the hi-tech market. Our program is created to meet this demand and to equip the most talented young scie                                            ...                                                    +                        ,Master,Full-time,English,Campus
Italy,Rome,Apr,,,,,,,,,,Master in Data Science,Rome Business School,"Data Science is the concept to unify statistics, data analysis, machine learning and understand analyze actual phenomena with data with a scope to increase business profitabil                                            ...                                                    +                        ",Master,Part-time,English,Campus
United Arab Emirates,Dubai,Sep,,,,,,,,,,MSc Data Science,Middlesex University Dubai,The role of a data scientist is rapidly becoming a required position for any company that wishes to take full advantage of the data they collect. There is an increased demand                                             ...                                                    +                        ,Master,Full-time,English,Campus
USA,Cambridge,Sep,,,,,,,,,,"Online Master in Data Science (The University of California, San Diego)",edX,UCSD’s Master of Data Science will give you the skills required to become a successful data scientist. Through a rigorous curriculum developed by the world’s topmost experts i                                            ...                                                    +                        ,Master,Full-time,English,Online
USA,Cambridge,Sep,,,,,,,,,,Online Master in Analytics (Georgia Tech),edX,"The Georgia Tech Online Master of Science in Analytics (OMS Analytics) is a multidisciplinary degree in collaboration with Georgia Tech’s College of Engineering, College of Co                                            ...                                                    +                        ",Master,Full-time,English,Online
USA,Cambridge,,weeks,15,,,,,,,,MicroMasters Program in Statistics and Data Science (Massachusetts Institute of Technology),edX,This MicroMasters program in Statistics and Data Science is comprised of four online courses and a virtually proctored exam that will provide you with the foundational knowled                                            ...                                                    +                        ,Master,Full-time,English,Online
USA,Cambridge,Sep,weeks,10,,,,,,,,MicroMasters Program in Data Science (UC San Diego),edX,"Gain the critical skills needed to become a data scientist, rated one of the best jobs in America and in demand globally.                                    ",Master,Full-time,English,Online
USA,Cambridge,,weeks,6,,,,,,,,"MicroMasters Program in Algorithms and Data Structures (The University of California, San Diego)",edX,Master algorithmic programming techniques necessary for top software engineering professions.                                    ,Master,Full-time,English,Online
France,Nice,Sep,years,24,,,,,,,,MSc in Data Sciences,Université Côte d’Azur (UCA),"Join the most strategic field of the digital economy and learn its fundamental methods and algorithms with the ""Data Science"" MSc program at Université Côte d'Azur!                                    ",Master,Full-time,English,Campus
France,Nice,,years,24,,,,,,,,MSc in Biobanks and Complex Data Management,Université Côte d’Azur (UCA),"The MSc in ""Biobanks and Complex Data Management"" opens immediate career opportunities in a variety of sectors such as human health, pharmaceutical, and biotechnology industri                                            ...                                                    +                        ",Master,Full-time,Multiple,Campus
France,Nice,,years,24,,,,,,,,MSc Mathematical Sciences for Biomedical Data and Biophysics,Université Côte d’Azur (UCA),"Computational biology is a multidisciplinary approach addressing and solving current problems in biology and medicine using methodologies stemming from mathematics, physical s                                            ...                                                    +                        ",Master,Full-time,Multiple,Campus
Australia,Toowoomba,,years,36,,,,,,,,Bachelor of Information and Technology (Data Analytics),University of Southern Queensland (USQ),"With constant advances in technology, internet speed, and social media, professionals are facing the challenge of capturing, storing, transferring and organizing large quantit                                            ...                                                    +                        ",Bachelor,Full-time,English,Campus
Germany,Berlin,Mar,semesters,,,,,,,,,B.Sc. Digital Business & Data Science,University of Applied Sciences Europe,This study program is aimed specifically at students who are curious and have the creativity to imagine and the aspiration to learn and develop something new that impact the w                                            ...                                                    +                        ,Bachelor,Full-time,Multiple,Campus
Germany,Hamburg,Mar,semesters,,,,,,,,,B.Sc. Digital Business,University of Applied Sciences Europe,"""Big Data"" and data analytics are the foundation for big business success for (global) companies like Google, Facebook or Amazon. With our degree program Digital Business                                    ",Bachelor,Full-time,German,Campus
USA,Winona,,,,,,,,,,,Master of Science in Business Intelligence and Data Analytics,Saint Mary's University of Minnesota Online,"Master your use of big data, presentation, and business to explain the relationship between organizational problems and strategizing successful solutions. Affordable, convenie                                            ...                                                    +                        ",Master,Full-time,English,Online
Germany,Aachen,Oct,semesters,,,,,,,,,M.Sc. Data Analytics and Decision Science,RWTH Business School / RWTH Aachen University,This exciting new master course is designed at the intersection of the fields of Data Analytics and Decision Science (Operations Research) and graduates will learn how to comb                                            ...                                                    +                        ,Master,Full-time,English,Campus
France,Palaiseau,,years,24,,,,,,,,MSc Data Science For Business (Double Degree with HEC),École Polytechnique,Ecole Polytechnique and our partner business school HEC Paris offer a new two-year joint graduate degree program in “Data Science for Business”. It aims at training students i                                            ...                                                    +                        ,Master,Full-time,English,Campus
France,Palaiseau,,years,24,,,,,,,,Internet of Things: Innovation and Management Program (IoT-IM) Master,École Polytechnique,The Internet of Things: Innovation and Management Program (IoT-IM) Graduate Degree is based on the Ecole Polytechnique’s trademark multidisciplinary approach and provides you                                             ...                                                    +                        ,Master,Full-time,English,Campus
France,Palaiseau,Sep,years,24,,,,,,,,"Economics, Data Analytics and Corporate Finance Master",École Polytechnique,"The Economics, Data Analytics and Corporate Finance program equips students with the quantitative methodology and real-world experience required for a thorough economic traini                                            ...                                                    +                        ",Master,Full-time,English,Campus
USA,Hoboken,,years,24,,,,,,,,Master in Data Science,Stevens Institute of Technology - Graduate Studies,Learn the theoretical knowledge and practical skills necessary to analyze big data for functional application in business and technology.                                    ,Master,Full-time,English,Campus
USA,Syracuse,Sep,years,24,,,,,,,,Master of Science in Enterprise Data Systems,Syracuse University - iSchool,"The MS in Enterprise Data Systems (EDS) from the iSchool is designed for students who want to prepare professionals to manage, design, support and optimize the infrastructure                                             ...                                                    +                        ",Master,Full-time,English,Campus
USA,Syracuse,Sep,years,24,,,,,,,,Master of Science in Applied Data Science,Syracuse University - iSchool,The MS in Applied Data Science prepares students with the practical analytical and technical skills to apply analytical concepts to gain insight from small and large datasets.                                            ...                                                    +                        ,Master,Full-time,English,Campus
Belgium,Mechelen,Sep,years,36,,,,,,,,"Bachelor in Information Management and Multimedia - International Data Science, Protection & Security specialization",Thomas More University of Applied Sciences,"Are you passionate about the newest digital tools that help make organizations more intelligent? Do you want to learn how to filter valuable information from a mass of data, h                                            ...                                                    +                        ",Bachelor,Full-time,English,Campus
USA,Harrisburg,,years,24,,,,,,,,MS Analytics,Harrisburg University,"Harrisburg University’s Master of Science (M.S.) in Analytics degree program is designed for students with a strong background in mathematics, computer science, engineering, o                                            ...                                                    +                        ",Master,Online & Campus Combined,English,Online & Campus Combined
Spain,Barcelona,,,,,,,,,,,Master in Omic Data Analysis,Universitat de Vic,The aim of the Master is to produce well-trained professionals in Bioinformatics and Omics Data Analysis who after graduation would be able to perform efficient and rigorous a                                            ...                                                    +                        ,Master,Part-time,English,Campus
Netherlands,Amsterdam,,months,,,,,,,,,Master of Science in Data Science,European Leadership University,The Master in Data Science programme consists of 60 ECTS credits coursework with a final project. Our programmes are flexible and work-based: Study from anywhere in the world                                             ...                                                    +                        ,Master,Online & Campus Combined,English,Online & Campus Combined
Italy,Milan,,years,24,,,,,,,,Master of Science in Data Science and Economics,University of Milan,The Master of Science in “Data Science and Economics” (DSE) responds to the training needs of data scientists in the economic field. The course provides skills to analyze and                                             ...                                                    +                        ,Master,Full-time,English,Campus
India,Dehradun,Jul,,,,,,,,,,BBA Analytics and Big Data,UPES,BBA Analytics and Big Data                                    ,BBA,,,
United Kingdom,Birmingham,Apr,years,,48,,,,,,,BSc (Hons) Digital & Technology Solutions (Arden University),Ulearn,Arden University offers a degree designed to help you fulfil this business need. The BSc (Hons) Digital and Technology Solutions Degree has 3 different specialist pathways: So                                            ...                                                    +                        ,Bachelor,Online & Campus Combined,English,Online & Campus Combined
Belgium,Antwerp,Sep,years,24,,,,,,,,Master of Computer Science (M.Sc.),University of Antwerp,"This Master’s program focusses on developing skills for research and development in computer science. Students get first-hand experience in a challenging, creative, dynamic an                                            ...                                                    +                        ",Master,Full-time,English,Campus
Czech Republic,Prague,,years,24,,,,,,,,Master in Software and Data Engineering,Charles University Faculty of Mathematics and Physics,"The study branch Software and Data Engineering aims at expertise in the analysis, design, and development of complex software solutions and systems focused on big data process                                            ...                                                    +                        ",Master,Full-time,English,Campus
USA,Vienna,Sep,,,,,,,,,,MSc in Data Management and Analytics,IGlobal University,The Master of Science in Information Technology (MSIT) program is designed to prepare students for the knowledge and skills essential to lead and manage small to large corpora                                            ...                                                    +                        ,Master,Full-time,English,Campus
United Kingdom,Belfast,,,,,,,,,,,MSc in Data Analytics,QUB Faculty of Engineering and Physical Sciences (EPS),"Data Analytics is an exciting field of rapid developments. Data is everywhere and continuing to grow massively, creating huge growth in demand for qualified experts to be able                                            ...                                                    +                        ",Master,Full-time,English,Campus
USA,Bellevue,,,,,,,,,,,Bachelor of Applied Science Degree Data Analytics,Bellevue College,"The Bachelor of Applied Science in Data Analytics provides graduates with the skills and knowledge needed for employment in the rapidly emerging field of data analytics, which                                            ...                                                    +                        ",Bachelor,,English,Campus
USA,Washington,Jan,,,,,,,,,,Master of Science in Government Analytics,"Johns Hopkins University, Advanced Academic Programs",The Master of Science in Government Analytics prepares students to become leaders in the data revolution. Students will develop expertise in analytical methods that are increa                                            ...                                                    +                        ,Master,Part-time,English,Online
Russia,Yekaterinburg,Sep,years,24,,,,,,,,Master in Practical Data Analysis,Ural Federal University,The program focuses on various applications of data science and data analysis. You will learn how to build artificial intelligence systems using state-of-the-art machine learn                                            ...                                                    +                        ,Master,Full-time,English,Campus
Finland,Tampere,Aug,years,24,,,,,,,,Master's Degree Programme in Computing Science – Statistical Data Analytics,Tampere University,"Statistical Data Analytics (M.Sc.) teaches you to understand data analysis and master necessary skills, such as data cleansing, integration, modelling and prediction, and inte                                            ...                                                    +                        ",Master,Full-time,English,Campus
Finland,Tampere,Aug,years,24,,,,,,,,Master's Degree Programme in Computing Science – Data Science,Tampere University,"Big data and data-driven methods are at the centre of modern computer science, statistics and computer engineering and hold great promise for the future. Data Science (M.Sc.)                                             ...                                                    +                        ",Master,Full-time,English,Campus
Spain,Madrid,,,,,,,,,,,Master in Data Science and Business Analytics for Professionals,IMF Business School,"IMF Business School , in collaboration with the Nebrija University, launches the Master in Data Science and Business Analytics for professionals. This program aims to provide                                             ...                                                    +                        ",Master,Full-time,Spanish,Campus
Spain,Barcelona,,years,24,,,,,,,,Master of Data Science,Harbour Space,The MSc Data Science program is designed for those who desire to deepen their comprehension of all aspects of the data sciences. Applicants could be graduates from other degre                                            ...                                                    +                        ,Master,Full-time,English,Campus
France,Troyes,,,,,,,,,,,Mastère Spécialisé® Expert in Big Analytics and Metrics,Université de technologie de Troyes - UTT,"Expert's objective in Big Analytics and Metrics is to design, develop and pilot innovative solutions to address the complexity of managing and analyzing these large amounts of                                            ...                                                    +                        ",Master,Full-time,Multiple,Campus
Spain,Online,May,months,,,,,,,,,Master in Big Data and Analytics,OBS - Three Points Digital Business School,Change the way you analyze your organization to transform it into a data driven company. Online program with the possibility of a face-to-face stay in Barcelona.                                    ,Master,Online & Campus Combined,Spanish,Online & Campus Combined
USA,Davenport,Jan,years,48,,,,,,,,Bachelor of Science in Data Science and Analytics,St. Ambrose University,"If you love working with and manipulating numbers, analyzing outcomes, and helping others understand how data can work for them, a degree in Data Science and Analytics from St                                            ...                                                    +                        ",Bachelor,Full-time,English,Campus
Hungary,Budapest,Aug,years,24,,,,,,,,Master in Data Science (DSC),EIT Digital Master School,"Data abounds. Social media, manufacturing systems, medical devices, logistic services, and countless others generate petabytes of data on a daily basis. With a wealth of data                                             ...                                                    +                        ",Master,Full-time,English,Campus
USA,Fairfax,Sep,,,,,,,,,,Master of Science in Data Analytics Engineering,George Mason University Online,"Gain the deep statistical knowledge and technical savviness you need to advance to data scientist, engineer and analyst roles. You'll learn to deliver a process that transform                                            ...                                                    +                        ",Master,Part-time,English,Online
Spain,Online,Sep,,,,,,,,,,Master in Training in Industry 4.0 and Digital Transformation,UADIN Business School,"In UADIN, University of Development and Innovation, together with UDIMA, the distance University of Madrid, we want to contribute with an Integral Training for Industry 4.0 an                                            ...                                                    +                        ",Master,Full-time,Spanish,Online
USA,Findlay,Aug,years,48,,,,,,,,Bachelor in Computer Science,The University of Findlay,"Prepare yourself for technological careers needed in today’s corporations. University of Findlay Computer Science students learn object-oriented programming languages, client/                                            ...                                                    +                        ",Bachelor,Full-time,English,Campus
United Kingdom,London,Apr,,,,,,,,,,MSc in Data Science,University of London,"Learn how to apply technology to real-world data science problems and gain an in-depth understanding of emerging technologies, statistical analysis and computational technique                                            ...                                                    +                        ",Master,Full-time,English,Online
USA,Washington,Jan,years,48,,,,,,,,Bachelor of Science in Data Science,"Bay Atlantic University - Washington, D.C.","BAU’s program in Data Science integrates scientific methods from statistics, computer science, and data-based business management to extract knowledge from data and drive deci                                            ...                                                    +                        ",Bachelor,Full-time,English,Campus
United Arab Emirates,Academic City,Sep,years,48,,,,,,,,BSc (Hons) in Computer Science (Data Science),Heriot-Watt University Dubai,"Our BSc Computer Science (Data Science) degree focuses on constructing robust and useable systems. As well as looking at cutting edge tools and techniques, it’s designed to he                                            ...                                                    +                        ",Bachelor,Full-time,English,Campus
United Arab Emirates,Academic City,Jan,,,,,,,,,,MSc in Data Science,Heriot-Watt University Dubai,"You will learn how to model, store and process these data sets using the latest algorithms and techniques and about modern methods and tools for visually exploring them. The c                                            ...                                                    +                        ",Master,Full-time,English,Campus
USA,New York,Sep,,,,,,,,,,"Data Science, M.S.",New York Institute of Technology (NYIT),"Our networked world is drowning in data, affecting the way business, government, science, and healthcare are conducted. The NYIT Data Science, M.S. is designed to help profess                                            ...                                                    +                        ",Master,Full-time,English,Campus
France,Dijon,Sep,,,,,,,,,,MSc Data Science & Organisational Behaviour,Burgundy School of Business,The MSc Data Science & Organisational Behaviour is dedicated to students who want to manage data and influence behaviours                                    ,Master,Full-time,English,Campus
France,Biot,Mar,,,,,,,,,,Applied MSc in Data Science & Artificial Intelligence,Data ScienceTech Institute,"This 6-month of classes and 6-month internship Applied MSc program, with its two entries in Autumn and Spring, is designed to open your career to these Big Data Analytics jobs                                            ...                                                    +                        ",Master,Online & Campus Combined,English,Online & Campus Combined
France,Biot,Feb,,,,,,,,,,Applied MSc in Data Engineering for Artificial Intelligence,Data ScienceTech Institute,"This 6-month of classes and 6-month internship Applied MSc program, with its two entries in Autumn and Spring, is designed to open your career to these Big Data Engineering jo                                            ...                                                    +                        ",Master,Online & Campus Combined,English,Online & Campus Combined
USA,Palo Alto,Sep,months,,,,,,,,,Master of Science in Data Science,Contemporary Technology University,"Become a Data Scientist by mastering the skills to interpret data, formulate insights, and communicate your knowledge by applying machine learning, managing large data sets, a                                            ...                                                    +                        ",Master,Online & Campus Combined,,Online & Campus Combined
,,,years,24,,,,,,,,Master's Degree in Data Analytics for Business and Society,Ca' Foscari University of Venice,The course is designed for students who have studied economics or business who have a strong interest in quantitative methods and the use of big data for maintaining and incre                                            ...                                                    +                        ,Master,Full-time,English,Campus
United Kingdom,Bath,Sep,months,,,,,,,,,Online MSc in Business Analytics,University of Bath Online,"Bridging the gap between data science and business management, the University of Bath’s Business Analytics online MSc equips you with the necessary technical skills and knowle                                            ...                                                    +                        ",Master,Part-time,English,Online
United Kingdom,Cardiff,,years,,48,,,,,,,BSc (Hons) Data Science,Cardiff Metropolitan University,"Data Science is the field of scientific methods, processes, and algorithms that allow the gleaning of knowledge or intelligence from data in its various forms.                                    ",Bachelor,Full-time,English,Campus
USA,Medford,Aug,years,24,,,,,,,,MSc in Data Analytics,Tufts University - Graduate School of Arts and Sciences,"An interdisciplinary program that provides graduate students with a competitive edge in developing analytical skills to interpret data across disciplines, translating it into                                             ...                                                    +                        ",Master,Full-time,English,Campus
USA,Waltham,Sep,years,24,,,,,,,,Master in Marketing Analytics,Bentley University - McCallum Graduate School of Business,Program features: develops the critical expertise in qualitative and quantitative analysis that is in high demand among leading companies across a range of industries; teaches                                            ...                                                    +                        ,Master,Full-time,English,Campus
Italy,Santa Maria Capua Vetere,Oct,years,36,,,,,,,,Bachelor Degree in Data Analytics,"University of Campania ""Luigi Vanvitelli""",You should enroll in the program because you will master the skills you need to establish a successful Data Science career. You will learn how to analyze data and communicate                                             ...                                                    +                        ,Bachelor,Full-time,English,Campus
USA,De Kalb,Jun,,,,,,,,,,Master of Science in Data Analytics,Northern Illinois University Online,"Learn to use big data to form and implement effective strategies in a management role. Northern Illinois University's online, AACSB-accredited M.S. in Data Analytics program p                                            ...                                                    +                        ",Master,Full-time,English,Online
Cyprus,Nicosia,Oct,,,,,,,,,,MSc in Simulation and Data Science,The Cyprus Institute,Simulation and Data Science is a unique course in Cyprus that combines Simulation with the new field of Data Science. As computers speed up and instruments and sensors become                                             ...                                                    +                        ,Master,Full-time,English,Campus
Germany,Berlin,Apr,months,,,,,,,,,MSc Data Analytics and Information Systems Management,"Arden Study Centre, Berlin",Big Data is going to be worth $102bn by 2019 according to IDC research which means organisations will need skilled analysts to maximise the opportunities it has to offer. This                                            ...                                                    +                        ,Master,Full-time,English,Campus
Germany,Berlin,Apr,months,,,,,,,,,MSc Data Analytics and Marketing,"Arden Study Centre, Berlin","Learn a range of essential marketing skills, including analysing statistics and interpreting large sets of data, with this programme delivered and awarded by Arden University.                                            ...                                                    +                        ",Master,Full-time,English,Campus
Spain,Madrid,,months,,,,,,,,,Master in Big Data Science,University of Navarra,"The Executive Master in Big Data Science (MEBDS) was born as a response to this new reality: it offers a technical program and, at the same time, very practical: it has a mult                                            ...                                                    +                        ",Master,Full-time,Spanish,Campus
Italy,Bolzano,Oct,years,24,,,,,,,,Master in Computational Data Science,Free University of Bozen-Bolzano,"Our master programme will provide you with the key competencies that you will need to develop next-generation information systems used to describe and manage data, discover ne                                            ...                                                    +                        ",Master,Full-time,English,Campus
USA,Utica,,months,,,,,,,,,Master of Science in Data Science: Cybersecurity,Utica College Online,The Online MS in Data Science - Cybersecurity teaches students how to analyze and leverage big data to deliver innovative ideas and solutions in a variety of fields. Core cour                                            ...                                                    +                        ,Master,Part-time,English,Online
USA,Utica,,months,,,,,,,,,Master of Science in Data Science: Financial Crime,Utica College Online,The Online MS in Data Science – Financial Crime teaches students how to analyze and leverage big data to deliver innovative ideas and solutions in a variety of fields. Core co                                            ...                                                    +                        ,Master,Part-time,English,Online
USA,Utica,,months,,,,,,,,,Master of Science in Data Science: Social Science Analytics,Utica College Online,The Online MS in Data Science - Social Science Analytics teaches students how to analyze and leverage big data to deliver innovative ideas and solutions in a variety of fields                                            ...                                                    +                        ,Master,Part-time,English,Online
USA,Utica,,months,,,,,,,,,Master of Science in Data Science,Utica College Online,The Online MS in Data Science teaches students how to analyze and leverage big data to gain valuable insights that can lead to innovative ideas and solutions in a variety of f                                            ...                                                    +                        ,Master,Part-time,English,Online
USA,Utica,,months,,,,,,,,,Master of Science in Data Science: Business Analytics,Utica College Online,The Online MS in Data Science - Business Analytics teaches students how to analyze and leverage big data to deliver innovative ideas and solutions in a variety of fields. Core                                            ...                                                    +                        ,Master,Part-time,English,Online
United Arab Emirates,Dubai,Sep,,,,,,,,,,MSc in Professional Studies: Data Analytics,Rochester Institute of Technology (RIT) Dubai,This program prepares participants for successful careers helping organizations make better decisions through analytics. It prepares participants to work effectively with comp                                            ...                                                    +                        ,Master,Full-time,English,Campus
USA,Indianapolis,Aug,semesters,,,,,,,,,Master of Science in Data Analytics,"University of Indianapolis, School of Business","Data in all forms continues to expand and become more readily available to both businesses and the consumer. As this happens, the demand for those who can interpret and apply                                             ...                                                    +                        ",Master,Full-time,English,Campus
Germany,Potsdam,Oct,semesters,,48,,,,,,,Bachelor of Science in Data Science,XU University,In which sectors is machine learning being used today? Where does the potential lie for tomorrow and in the future? Not only does our bachelor’s program in Data Science provid                                            ...                                                    +                        ,Bachelor,Full-time,Multiple,Campus
Germany,Potsdam,Oct,semesters,,36,,,,,,,Master of Science in Data Science,XU University,Which competencies and profiles are needed to form a successful team? And how does leadership even work today? Our master’s program in Data Science will not only give you answ                                            ...                                                    +                        ,Master,Full-time,Multiple,Campus
Germany,Lüneburg,Oct,semesters,,,,,,,,,Master in Management & Data Science,Leuphana University of Luneburg,The Mas­ters pro­gram­me in Management & Data Science is ge­a­red towards stu­dents wan­ting to ad­van­ce their skills in the data ana­ly­sis of real-world pheno­me­na.                                            ...                                                    +                        ,Master,Full-time,English,Campus
Russia,Stavropol,Sep,years,24,,,,,,,,Master Data Management,Северо-Кавказский федеральный университет,"Training in the master's program will allow you to learn: on the basis of system analysis, carry out a formalization of the subject area and an assessment of the complexity of                                            ...                                                    +                        ",Master,Full-time,Multiple,Campus
Russia,Stavropol,Sep,years,24,,,,,,,,Master in Data Management,Северо-Кавказский федеральный университет,This Master's program is for training qualified specialists able to formalize subject areas and assess the complexity of designed and implemented information systems of data m                                            ...                                                    +                        ,Master,Full-time,Multiple,Campus
Netherlands,Nijmegen,Sep,years,24,,,,,,,,MSc in Data Science,Radboud University,"Data plays a role in almost every scientific discipline, business industry, or social organization. Learn how to use software and algorithms to turn real-world data sets into                                             ...                                                    +                        ",Master,Full-time,English,Campus
United Kingdom,Saint Andrews,Sep,,,,,,,,,,MSc in Data-Intensive Analysis,University of St Andrews,The MSc in Data-Intensive Analysis is an interdisciplinary course providing students with an understanding of how data is used to gain useful insights in all areas of scientif                                            ...                                                    +                        ,Master,Full-time,English,Campus
United Kingdom,Saint Andrews,Sep,,,,,,,,,,MSc in Applied Statistics and Datamining,University of St Andrews,The PGDip/MSc in Applied Statistics and Datamining is a commercially relevant programme of study providing students with the statistical data analysis skills needed for busine                                            ...                                                    +                        ,Master,Full-time,English,Campus
Hong Kong,Kowloon Tong,Sep,,,,,,,,,,MSc in Data Analytics and Business Economics (MScDABE),Hong Kong Baptist University (HKBU) School of Business,The Master of Science in Data Analytics and Business Economics is thoughtfully designed to serve the increasing demand for talents in the area of data analytics and business e                                            ...                                                    +                        ,Master,Full-time,English,Campus
USA,Brookville,,,,,,,,,,,Master of Science in Data Analytics and Strategic Business Intelligence,"Long Island University, Post Campus","The College of Management (C.O.M.) at L.I.U. Post offers a new, 30-credit, specialized Master of Science in Data Analytics and Strategic Business Intelligence program (M.D.A.)                                            ...                                                    +                        ",Master,Full-time,English,Campus
Netherlands,Amsterdam,Sep,years,36,,,,,,,,Bachelor in Econometrics and Operations Research: Econometrics and Data Science,Vrije Universiteit Amsterdam,"During the bachelor's programme in Econometrics and Data Science at VU Amsterdam, you will learn how to solve problems in business, economics and finance, using data science t                                            ...                                                    +                        ",Bachelor,Full-time,English,Campus
Netherlands,Amsterdam,,,,,,,,,,,Master in Econometrics and Operations Research: Econometrics and Data Science,Vrije Universiteit Amsterdam,"In our specialization Econometrics and Data Science of the Econometrics and Operations Research master's program, we welcome you in the fast-developing world of econometrics a                                            ...                                                    +                        ",Master,Full-time,English,Campus
Netherlands,Amsterdam,,,,,,,,,,,Master in Econometrics and Operations Research: Marketing Data Science,Vrije Universiteit Amsterdam,Marketing Data Science is a specialization of the Econometrics and Operations Research master's program. This hands-on study into econometric methods for analyzing marketing d                                            ...                                                    +                        ,Master,Full-time,English,Campus
Netherlands,Amsterdam,,,,,,,,,,,Master in Finance: Duisenberg Honours Programme in Finance and Technology,Vrije Universiteit Amsterdam,"Data science: a shock to the financial system, or its biggest opportunity? The availability of big data, in combination with rapidly increasing computing power, is uncovering                                             ...                                                    +                        ",Master,Full-time,English,Campus
Lebanon,Beirut,Oct,semesters,,,,,,,,,Master in Data Science,Saint Joseph University of Beirut,"We live in a data-driven world that’s generating huge volumes of information at ever-increasing rates, via social media, financial transactions, telecommunications, and even s                                            ...                                                    +                        ",Master,Full-time,English,Campus
Australia,Adelaide,,months,,,,,,,,,Master of Science in Information Technology (Business Intelligence and Data Analytics) 21-Month Track,Carnegie Mellon University in Australia,"The MSIT-BIDA program combines a comprehensive information technology and management curriculum with BIDA courses, a compulsory 400 hours of internship and an industry-based D                                            ...                                                    +                        ",Master,Full-time,English,Campus
United Kingdom,London,,,,,,,,,,,MSc in Data-Driven Management,Thames Education Group Limited,Would you like to apply data analysis tools and techniques to solve complex business problems? This programme helps you advance your career by teaching you how to communicate                                             ...                                                    +                        ,Master,Full-time,English,Campus
USA,Providence,Sep,,,,,,,,,,Master of Science in Data Analytics,Johnson & Wales University,"In a world driven by increasingly vast and complex data, employees are needed to decipher that data quickly and efficiently to help companies make more-informed business decis                                            ...                                                    +                        ",Master,,English,Campus
Norway,Oslo,Aug,years,36,,,,,,,,Bachelor in Applied Data Science (Online and On-Campus),Noroff School of Technology and Digital Media,IT education focusing on the growing global need for big data analytics. Applied Data Science teaches you scientific methods for working with data in a practical and relevant                                             ...                                                    +                        ,Bachelor,Full-time,English,Campus
Belgium,Ghent,Sep,years,24,,,,,,,,Master of Science in Business Engineering - Data Analytics,Ghent University - Faculty of Economics and Business Administration,"A business engineer has a thorough knowledge of the discipline of business administration and technology, i.e. technological products and processes. In this respect, a busines                                            ...                                                    +                        ",Master,Full-time,English,Campus
Switzerland,Zurich,,,,,,,,,,,Online MSc Data Analytics - University of Cumbria (UK),Robert Kennedy College,The MSc Data Analytics is designed to accommodate a broad audience of learners whose particular pursuits in data analytics might be either technical or business-focused. The p                                            ...                                                    +                        ,Master,Full-time,English,Online
USA,Rochester,Aug,years,24,,,,,,,,Master of Science in Data Science,Rochester Institute of Technology (RIT),Demand is high for professionals skilled in both analytics and computing. Enhance your skillset by learning to manage large-scale data sets in this highly applied program.                                    ,Master,Full-time,English,Campus
France,Bordeaux,Sep,,,,,,,,,,Master in Public Health Data Science,University of Bordeaux,"This international Master program provides a year of international research into public health data science, from project design to real-life health data analysis and the comm                                            ...                                                    +                        ",Master,Full-time,English,Campus
Netherlands,Maastricht,Sep,years,36,,,,,,,,Bachelor in Data Science and Knowledge Engineering,"Maastricht University, Department of Data Science and Knowledge Engineering","Knowledge is central to modern society. Smart chips help companies keep track of goods and manage supplies and stocks. New, high-tech communication devices, such as mobile pho                                            ...                                                    +                        ",Bachelor,Full-time,English,Campus
Australia,Sydney,Jan,years,36,,,,,,,,Bachelor of Data Science,S P Jain School of Global Management Singapore,90 percent of data in the world today has been created in the last 2 years alone.                                    ,Bachelor,Full-time,English,Campus
USA,Dobbs Ferry,,months,,,,,,,,,Master in Computer Science,Mercy College,The Master of Science (M.S.) degree in Computer Science (CS) provides an innovative curriculum involving two specializations – Software Development and Data Science.                                    ,Master,Online & Campus Combined,English,Online & Campus Combined
Russia,Moscow,Mar,years,24,,,,,,,,Online Master of Data Science,Высшая школа экономики,Russia's first English-taught Master's programme which is implemented entirely online on Coursera learning platform. This programme aims to train highly qualified specialists                                             ...                                                    +                        ,Master,Full-time,English,Campus
Australia,Adelaide,Jan,years,36,,,,,,,,Bachelor of Information Technology and Data Analytics,University of South Australia Online,"Combining two highly sought after areas of technology – data analytics and information technology – this degree will help you enter the workforce, or advance your career in th                                            ...                                                    +                        ",Bachelor,Full-time,English,Online
Czech Republic,Prague,Sep,years,36,,,,,,,,BSc in Environmental Data Science,Czech University Of Life Sciences Faculty of Environmental Sciences,"Data science is the main driver for innovation in the coming years. In geosciences, there has been an explosion of data collected from various sources. Sensors, satellites and                                            ...                                                    +                        ",Bachelor,Full-time,English,Campus
Vietnam,Hanoi,Sep,semesters,,,,,,,,,Bachelor in Business Data Analytics,"Vietnam National University, Hanoi - International School",The Bachelor in Business Data Analytics is an English – taught course (except for 4 Vietnamese compulsory subjects in which international students will be provided with great                                             ...                                                    +                        ,Bachelor,Full-time,English,Campus
Cyprus,Larnaca,,,,,,,,,,,MSc Data Analytics,University of Central Lancashire - Cyprus,"Data Analytics is the science that allows decision makers to unveil new business insights by examining large amounts of data to uncover hidden patterns, correlations and other                                            ...                                                    +                        ",Master,Full-time,English,Campus
France,Dijon,Sep,years,24,,,,,,,,MSc in Data Analyst for Spatial and Environmental Economics (DASEE),University Bourgogne Franche-Comté (UBFC),The objective of this Master's program is to be a highly specialized and selective Master’s degree program offering an integrated view on urban/regional and environmental issu                                            ...                                                    +                        ,Master,Full-time,English,Campus
France,Lille,Sep,,,,,,,,,,Master of Science in Big Data Analytics for Business,IESEG School of Management Lille - Paris,Join our MSc in Big Data Analytics for Business: a one-year program completely taught in English at one of the top business schools in France on our Lille campus.                                    ,Master,Full-time,English,Campus
Spain,Barcelona,Sep,,,,,,,,,,Master in Data and Design,ELISAVA Barcelona School of Design and Engineering,How can we make information transcendent for humans? In the Master in Data and Design you will learn to design the way of understanding the world. The Master in Data and Desig                                            ...                                                    +                        ,Master,Full-time,English,Campus
